gene_name	uniprot	protein_length	region_1	region_2	af_filename
Nos1	P29476	1429.0	815-870	757-949	F-P29476-F1-model_v3.cif
PTPN1	P18031	435.0	353-387	2-277	F-P18031-F1-model_v3.cif
EGFR	P00533	1210.0	166-309,482-618	712-979	F-P00533-F1-model_v3.cif
TP53	P04637	393.0	364-393	102-292	F-P04637-F1-model_v3.cif
CHEK1	O14757	476.0	391-476	9-265	F-O14757-F1-model_v3.cif
SRC	P00523	533.0	148-245,246-266	81-142,521-533	F-P00523-F1-model_v3.cif
NOS3	P29473	1205.0	593-637	522-795	F-P29473-F1-model_v3.cif
JAK2	O60674	1132.0	758-807	849-1124	F-O60674-F1-model_v3.cif
MAPK1	P28482	360.0	173-196	25-172,197-313	F-P28482-F1-model_v3.cif
BTK	Q06187	659.0	3-133	402-655	F-Q06187-F1-model_v3.cif
KPNA2	P52293	529.0	2-60	142-238,315-403	F-P52293-F1-model_v3.cif
RAN	P62826	216.0	179-216	10-169	F-P62826-F1-model_v3.cif
BRAF	P15056	766.0	100-345	457-717	F-P15056-F1-model_v3.cif
PDE4D	Q08499	809.0	271-339	386-715	F-Q08499-F1-model_v3.cif
GSK3B	P49841	420.0	3-12	56-340	F-P49841-F1-model_v3.cif
RELA	Q04206	551.0	436-550	1-194	F-Q04206-F1-model_v3.cif
SYK	P43405	635.0	93-167,245-370	371-631	F-P43405-F1-model_v3.cif
	P00579	613.0	2-80	379-449,458-534	F-P00579-F1-model_v3.cif
SOS1	Q07889	1333.0	1-198	198-565	F-Q07889-F1-model_v3.cif
ALK	Q9UM73	1620.0	1279-1288,1158-1173	1116-1157,1174-1278,1289-1392	F-Q9UM73-F1-model_v3.cif
NOS1	P29475	1434.0	834-875	760-940	F-P29475-F1-model_v3.cif
ABL1	P00519	1130.0	67-113,127-217	242-493	F-P00519-F1-model_v3.cif
FGFR1	P11362	822.0	120-149	158-246,478-767	F-P11362-F1-model_v3.cif
PTPN11	Q06124	593.0	3-104	247-517	F-Q06124-F1-model_v3.cif
SRC	P12931	536.0	249-269,151-248	84-145,524-536	F-P12931-F1-model_v3.cif
PMAIP1	P00782	382.0	1-77	112-381	F-P00782-F1-model_v3.cif
PLK1	P53350	603.0	367-603	53-305	F-P53350-F1-model_v3.cif
MAP2K1	Q02750	393.0	75-102	68-74,103-361	F-Q02750-F1-model_v3.cif
LCK	P06239	509.0	127-244,341-408	61-121,499-509	F-P06239-F1-model_v3.cif
KDR	P35968	1356.0	790-833	834-1162	F-P35968-F1-model_v3.cif
NTRK1	P04629	796.0	287-384	510-781	F-P04629-F1-model_v3.cif
TMEM173	Q86WV6	379.0	340-379	153-339	F-Q86WV6-F1-model_v3.cif
FYN	P06241	537.0	149-246,247-270	82-143,525-537	F-P06241-F1-model_v3.cif
FGFR2	P21802	821.0	125-144	154-247,481-770	F-P21802-F1-model_v3.cif
NOS3	P29474	1203.0	580-635	520-703	F-P29474-F1-model_v3.cif
TBP	P20226	339.0	1-55	165-241,255-332	F-P20226-F1-model_v3.cif
PCSK9	Q8NBP7	692.0	31-60	155-461	F-Q8NBP7-F1-model_v3.cif
INSR	P06213	1382.0	980-1017	1023-1298	F-P06213-F1-model_v3.cif
NEIL1	Q96FI4	390.0	244-245	220-280	F-Q96FI4-F1-model_v3.cif
PDE4B	Q07343	736.0	166-281	330-649	F-Q07343-F1-model_v3.cif
PAK4	O96013	591.0	1-130	321-572	F-O96013-F1-model_v3.cif
PDE5A	O76074	875.0	403-539	156-331	F-O76074-F1-model_v3.cif
ERBB2	P04626	1255.0	676-684	720-987	F-P04626-F1-model_v3.cif
HSPA8	P11142	646.0	263-287	225-262	F-P11142-F1-model_v3.cif
DLG4	P31016	724.0	428-498	534-709	F-P31016-F1-model_v3.cif
HCK	P08631	526.0	142-239,240-259	76-136,425-514	F-P08631-F1-model_v3.cif
SIRT2	Q8IXJ6	389.0	320-352	65-319	F-Q8IXJ6-F1-model_v3.cif
EP300	Q09472	2414.0	1520-1581	1287-1663	F-Q09472-F1-model_v3.cif
MDM4	O15151	490.0	190-210	26-106	F-O15151-F1-model_v3.cif
VCL	P18206	1134.0	878-890	896-1066	F-P18206-F1-model_v3.cif
ITK	Q08881	620.0	4-111	363-615	F-Q08881-F1-model_v3.cif
PTK2	Q05397	1052.0	35-355	422-680	F-Q05397-F1-model_v3.cif
AKT1	P31749	480.0	5-108	150-408	F-P31749-F1-model_v3.cif
PTK2	Q00944	1053.0	35-362	422-680	F-Q00944-F1-model_v3.cif
RET	P07949	1114.0	900-909	724-899,910-1016	F-P07949-F1-model_v3.cif
MELK	Q14680	651.0	602-651	11-263	F-Q14680-F1-model_v3.cif
CSNK1D	P48730	415.0	317-342	9-277	F-P48730-F1-model_v3.cif
CBL	P22681	906.0	353-380	381-435	F-P22681-F1-model_v3.cif
FGFR4	P22455	802.0	120-145	150-240,467-755	F-P22455-F1-model_v3.cif
MAPRE1	Q15691	268.0	249-268	14-116	F-Q15691-F1-model_v3.cif
PAK1	Q13153	545.0	83-149	270-521	F-Q13153-F1-model_v3.cif
IGF1R	P08069	1367.0	930-960	999-1274	F-P08069-F1-model_v3.cif
RAF1	P04049	648.0	51-186	349-609	F-P04049-F1-model_v3.cif
SMYD3	Q9H7B4	428.0	280-428	4-240	F-Q9H7B4-F1-model_v3.cif
KIT	P10721	976.0	544-583	589-937	F-P10721-F1-model_v3.cif
DDX58	O95786	925.0	794-925	1-87,92-172	F-O95786-F1-model_v3.cif
MAPKAPK2	P49137	400.0	328-364	64-325	F-P49137-F1-model_v3.cif
CCNT1	O60563	726.0	1-249,402-701	250-262	F-O60563-F1-model_v3.cif
SETD2	Q9BYW2	2564.0	2353-2382	2383-2430	F-Q9BYW2-F1-model_v3.cif
MAPK8IP1	Q9UQF2	711.0	495-544	0-0	F-Q9UQF2-F1-model_v3.cif
NSD3	Q9BZ95	1437.0	1145-1258	1258-1273	F-Q9BZ95-F1-model_v3.cif
MAP3K5	Q99683	1374.0	1-648	680-938	F-Q99683-F1-model_v3.cif
ABL1	P00520	1123.0	1-60,61-121,127-217,218-241,383-400	242-493	F-P00520-F1-model_v3.cif
NOTCH1	P46531	2555.0	1571-1734	0-0	F-P46531-F1-model_v3.cif
FLNB	O75369	2602.0	2091-2185	2188-2280	F-O75369-F1-model_v3.cif
CAMKK2	Q96RR4	588.0	472-477	165-446	F-Q96RR4-F1-model_v3.cif
BIRC2	Q13490	618.0	453-543	571-606	F-Q13490-F1-model_v3.cif
FLNA	P21333	2647.0	2142-2235	2236-2325	F-P21333-F1-model_v3.cif
CSF1R	P07333	972.0	542-574	582-910	F-P07333-F1-model_v3.cif
PRKAR1A	P00514	380.0	1-101	137-380	F-P00514-F1-model_v3.cif
MLKL	Q8NB16	471.0	133-150	1-124	F-Q8NB16-F1-model_v3.cif
ETS1	P14921	441.0	280-330	335-415	F-P14921-F1-model_v3.cif
PRKAA1	P54645	559.0	313-335	27-279	F-P54645-F1-model_v3.cif
SLC9A3R1	O14745	358.0	242-328	14-94,154-234	F-O14745-F1-model_v3.cif
RPS6KB1	P23443	525.0	424-525	91-352	F-P23443-F1-model_v3.cif
GGA1	Q9UJY5	639.0	358-362	17-147	F-Q9UJY5-F1-model_v3.cif
PGR	P06401	933.0	375-397	1-164,456-564	F-P06401-F1-model_v3.cif
SARM1	Q6SZW1	724.0	560-703,382-385,375-399,281-331	244-269,134-173,162-197,402-476,412-484	F-Q6SZW1-F1-model_v3.cif
PRKG1	Q13976	671.0	50-75	360-619	F-Q13976-F1-model_v3.cif
PDCD6IP	Q8WUM4	868.0	709-745	3-392	F-Q8WUM4-F1-model_v3.cif
PANX1	Q96RD7	426.0	412-426	1-287	F-Q96RD7-F1-model_v3.cif
RPS6KA1	Q15418	735.0	687-706	62-321,418-675	F-Q15418-F1-model_v3.cif
PPP5C	P53041	499.0	28-129,487-499	184-486	F-P53041-F1-model_v3.cif
DNMT3A	Q9Y6K1	912.0	476-626	634-912	F-Q9Y6K1-F1-model_v3.cif
	Q9EZJ8	438.0	1-73	249-438	F-Q9EZJ8-F1-model_v3.cif
IRF3	Q14653	427.0	380-427	98-240	F-Q14653-F1-model_v3.cif
PARP2	Q9UGN5	583.0	231-348	356-538	F-Q9UGN5-F1-model_v3.cif
PPP3CA	Q08209	521.0	467-491	1-348	F-Q08209-F1-model_v3.cif
MAP4K1	Q92918	833.0	474-687	17-274	F-Q92918-F1-model_v3.cif
AKT2	P31751	481.0	5-108,410-481	152-409	F-P31751-F1-model_v3.cif
TP63	Q9H3D4	680.0	610-680	394-443	F-Q9H3D4-F1-model_v3.cif
TEK	Q02763	1124.0	770-807,832-836,982-1008,1110-1124	924-1096	F-Q02763-F1-model_v3.cif
MINDY1	Q8N5J2	469.0	130-138	388-426	F-Q8N5J2-F1-model_v3.cif
VCL	P12003	1135.0	878-890	891-1135	F-P12003-F1-model_v3.cif
NSF	P18708	744.0	203-222	0-0	F-P18708-F1-model_v3.cif
ZAP70	P43403	619.0	126-155,256-337	338-600	F-P43403-F1-model_v3.cif
SDCBP	O00560	298.0	1-113,276-298	114-273	F-O00560-F1-model_v3.cif
NFKB1	P19838	968.0	434-968	42-367	F-P19838-F1-model_v3.cif
DNMT1	P26358	1616.0	647-714	1140-1602	F-P26358-F1-model_v3.cif
CEBPB	P17676	345.0	64-170	271-334	F-P17676-F1-model_v3.cif
BID	P55957	195.0	21-51	60-195	F-P55957-F1-model_v3.cif
KPNA4	O00629	521.0	2-57	137-229,306-394	F-O00629-F1-model_v3.cif
	Q9X1X0	385.0	359-385	0-0	F-Q9X1X0-F1-model_v3.cif
OTULIN	Q96BN8	352.0	330-340	129-341	F-Q96BN8-F1-model_v3.cif
PTPN6	P29350	595.0	1-105	244-515	F-P29350-F1-model_v3.cif
NEDD4	P46934	1319.0	1-140	984-1318	F-P46934-F1-model_v3.cif
DDX3X	O00571	662.0	132-181	211-575	F-O00571-F1-model_v3.cif
DCLK1	O15075	740.0	647-740	390-646	F-O15075-F1-model_v3.cif
TRAF6	Q9Y4K3	522.0	346-522	1-273	F-Q9Y4K3-F1-model_v3.cif
TNK2	Q07912	1038.0	803-880	126-385	F-Q07912-F1-model_v3.cif
PRKAA2	P54646	552.0	291-376	16-268	F-P54646-F1-model_v3.cif
ITCH	Q96J02	903.0	5-99	569-903	F-Q96J02-F1-model_v3.cif
FLT1	P17948	1338.0	1159-1338	827-1158	F-P17948-F1-model_v3.cif
ACTN2	P35609	894.0	259-307	753-824	F-P35609-F1-model_v3.cif
BAIAP2	Q9UQB8	552.0	1-178	238-292	F-Q9UQB8-F1-model_v3.cif
CRK	Q64010	304.0	132-192	235-296	F-Q64010-F1-model_v3.cif
SEC22B	O08547	215.0	1-130	134-194	F-O08547-F1-model_v3.cif
HMGB1	P09429	215.0	186-215	76-95	F-P09429-F1-model_v3.cif
PRKAA1	Q13131	559.0	313-392	27-279	F-Q13131-F1-model_v3.cif
CYTH2	Q99418	400.0	387-395	72-201	F-Q99418-F1-model_v3.cif
PREX1	Q8TCU6	1659.0	409-499	49-240,271-392	F-Q8TCU6-F1-model_v3.cif
DNMT1	P13864	1620.0	649-695	1142-1601	F-P13864-F1-model_v3.cif
KPNA2	P52292	529.0	2-58	142-238,315-403	F-P52292-F1-model_v3.cif
MINDY2	Q8NBR6	621.0	259-267	507-559	F-Q8NBR6-F1-model_v3.cif
MYLK	P11799	1906.0	1716-1728	1453-1708	F-P11799-F1-model_v3.cif
STK3	Q13188	491.0	279-435	27-278	F-Q13188-F1-model_v3.cif
RPS6KA3	P51812	740.0	694-711	68-327,422-679	F-P51812-F1-model_v3.cif
ETV6	P41212	452.0	410-452	339-409	F-P41212-F1-model_v3.cif
ERBB4	Q15303	1308.0	676-684	718-935	F-Q15303-F1-model_v3.cif
EIF4G1	Q04637	1599.0	607-618	682-1085	F-Q04637-F1-model_v3.cif
CRK	P46108	304.0	239-294	132-192	F-P46108-F1-model_v3.cif
ARIH1	Q9Y4X5	557.0	408-557	339-392	F-Q9Y4X5-F1-model_v3.cif
CBS	P35520	551.0	414-551	40-413	F-P35520-F1-model_v3.cif
DIAPH1	O08808	1255.0	131-378	1180-1199	F-O08808-F1-model_v3.cif
ETS1	P27577	440.0	304-310,416-441	335-415	F-P27577-F1-model_v3.cif
	P0AES4	875.0	838-875	1-450	F-P0AES4-F1-model_v3.cif
	P53686	357.0	300-320	1-280	F-P53686-F1-model_v3.cif
MAVS	Q7Z434	540.0	141-200,251-300	401-450	F-Q7Z434-F1-model_v3.cif
PRKCI	P41743	596.0	123-140	254-522	F-P41743-F1-model_v3.cif
PTEN	P60484	403.0	350-400	14-185,258-268,321-324	F-P60484-F1-model_v3.cif
VAV1	P15498	845.0	131-178	194-373	F-P15498-F1-model_v3.cif
PDGFRA	P16234	1089.0	550-587	593-954	F-P16234-F1-model_v3.cif
NFKB2	Q00653	900.0	455-900	38-343	F-Q00653-F1-model_v3.cif
NCK2	O43639	380.0	60-109	111-170	F-O43639-F1-model_v3.cif
NCF1	P14598	390.0	226-390	4-125	F-P14598-F1-model_v3.cif
DGCR8	Q8WYQ5	773.0	276-498	511-578,620-685	F-Q8WYQ5-F1-model_v3.cif
DAPK2	Q9UIK4	370.0	292-301	23-285	F-Q9UIK4-F1-model_v3.cif
ARHGEF11	O15085	1522.0	672-730	734-1079	F-O15085-F1-model_v3.cif
ARHGAP1	Q07960	439.0	1-48,169-197	244-431	F-Q07960-F1-model_v3.cif
CLIP1	P30622	1438.0	1417-1434	232-274	F-P30622-F1-model_v3.cif
CYTH3	O08967	399.0	251-265,383-395	77-206	F-O08967-F1-model_v3.cif
PLCG1	P10686	1290.0	780-795	668-765	F-P10686-F1-model_v3.cif
VTA1	Q06263	330.0	183-266	281-290	F-Q06263-F1-model_v3.cif
RPS6KA3	P18654	740.0	697-712	328-679	F-P18654-F1-model_v3.cif
	Q7CWV1	442.0	1-106	107-442	F-Q7CWV1-F1-model_v3.cif
USP14	P54578	494.0	329-351,429-433	105-483	F-P54578-F1-model_v3.cif
PTK6	Q13882	451.0	75-174,447-451	191-445	F-Q13882-F1-model_v3.cif
PKN1	Q16512	942.0	455-511	615-874	F-Q16512-F1-model_v3.cif
PDGFRB	P09619	1106.0	525-567	600-962	F-P09619-F1-model_v3.cif
NTRK2	Q16620	822.0	298-377	538-807	F-Q16620-F1-model_v3.cif
NLRP1	Q9C000	1473.0	809-973	328-637	F-Q9C000-F1-model_v3.cif
FLT3	P36888	993.0	565-604	610-943	F-P36888-F1-model_v3.cif
ERG	P11308	479.0	272-289,378-388	290-377	F-P11308-F1-model_v3.cif
APBA1	Q02410	837.0	626-641	453-622	F-Q02410-F1-model_v3.cif
MDM4	Q7ZUW7	496.0	275-295	22-105	F-Q7ZUW7-F1-model_v3.cif
	P06782	633.0	316-398	55-306	F-P06782-F1-model_v3.cif
EPHB1	P54762	984.0	593-618	619-882	F-P54762-F1-model_v3.cif
STING1	Q3TBT3	378.0	339-378	152-339	F-Q3TBT3-F1-model_v3.cif
KIF1A	Q12756		429-472,622-681	352-361,516-572	F-Q12756-F1-model_v3.cif
STK4	Q13043	487.0	282-431	30-281	F-Q13043-F1-model_v3.cif
SMURF2	Q9HAU4	748.0	10-140	414-748	F-Q9HAU4-F1-model_v3.cif
NEK7	Q8TDX7	302.0	182-199	34-181,200-299	F-Q8TDX7-F1-model_v3.cif
ACAP1	Q15027	740.0	525-568	405-524	F-Q15027-F1-model_v3.cif
SH3KBP1	Q96B97	665.0	337-346	267-328	F-Q96B97-F1-model_v3.cif
	O74536	576.0	298-351	34-285	F-O74536-F1-model_v3.cif
EPHB2	P54763	986.0	595-621	621-884	F-P54763-F1-model_v3.cif
EIF2AK4	P15442	1659.0	1498-1659	599-981	F-P15442-F1-model_v3.cif
PLCG1	P08487	1291.0	757-790	668-756	F-P08487-F1-model_v3.cif
PLXNA2	P70207	1894.0	1261-1341,1471-1672	1324-1450,1651-1872	F-P70207-F1-model_v3.cif
PRKCA	P05696	672.0	19-36	339-597	F-P05696-F1-model_v3.cif
WNK3	Q9BYP7	1800.0	440-463	147-405	F-Q9BYP7-F1-model_v3.cif
USP8	P40818	1118.0	645-684	777-1109	F-P40818-F1-model_v3.cif
WWP1	Q9H0M0	922.0	349-527	588-922	F-Q9H0M0-F1-model_v3.cif
	Q95PM0	450.0	96-113	126-342	F-Q95PM0-F1-model_v3.cif
WWP2	O00308	870.0	20-100	536-870	F-O00308-F1-model_v3.cif
WAS	P42768	502.0	238-251	430-447	F-P42768-F1-model_v3.cif
TP53BP2	Q13625	1128.0	693-901	925-1128	F-Q13625-F1-model_v3.cif
PAK5	Q9NQU5	681.0	60-180	407-658	F-Q9NQU5-F1-model_v3.cif
MICAL1	Q8TDZ2	1067.0	755-1067	1-450	F-Q8TDZ2-F1-model_v3.cif
GSDMD	P57764	484.0	280-484	1-275	F-P57764-F1-model_v3.cif
GGA3	Q9NZ52	723.0	391-395	16-146	F-Q9NZ52-F1-model_v3.cif
DLC1	Q96QB1	1528.0	1-76	655-801	F-Q96QB1-F1-model_v3.cif
CRKL	P46109	303.0	129-175	14-102	F-P46109-F1-model_v3.cif
CAMK2D	Q13557	499.0	283-292	14-272	F-Q13557-F1-model_v3.cif
AIM2	O14862	343.0	29-68	138-337	F-O14862-F1-model_v3.cif
MRE11	Q58719	366.0	290-330	1-289	F-Q58719-F1-model_v3.cif
STIM1	Q13586	685.0	63-98,238-343	132-200,344-444	F-Q13586-F1-model_v3.cif
VAV1	P27870	845.0	1-119,120-193,402-504,782-842	194-373	F-P27870-F1-model_v3.cif
WNK1	Q9JIH7	2126.0	514-537	221-479	F-Q9JIH7-F1-model_v3.cif
ERCC6	Q03468	1493.0	91-101	102-695	F-Q03468-F1-model_v3.cif
FGFR3	P22607	806.0	127-149	151-244,472-761	F-P22607-F1-model_v3.cif
FKBP8	Q14318	412.0	1-32	120-204	F-Q14318-F1-model_v3.cif
ADAMTS13	Q76LX8	1427.0	1072-1298	80-685	F-Q76LX8-F1-model_v3.cif
ARID4A	P29374	1257.0	273-310	309-401,568-635,1-121	F-P29374-F1-model_v3.cif
	P54623	1320.0	1-77	104-174	F-P54623-F1-model_v3.cif
CHD1L	Q86WJ1	897.0	704-897	351-513	F-Q86WJ1-F1-model_v3.cif
	Q8RT31	374.0	201-354	1-190	F-Q8RT31-F1-model_v3.cif
TRIB1	Q96RU8	372.0	355-360	1-338	F-Q96RU8-F1-model_v3.cif
PLCB3	Q01970	1234.0	469-589	318-468,590-706	F-Q01970-F1-model_v3.cif
NLRP3	Q96P20	1036.0	740-991	220-536	F-Q96P20-F1-model_v3.cif
MSN	P26038	577.0	467-577	4-297	F-P26038-F1-model_v3.cif
MAPKAPK3	Q16644		307-343	44-304	F-Q16644-F1-model_v3.cif
CAMK1D	Q8IU85	385.0	279-319	23-278	F-Q8IU85-F1-model_v3.cif
ATF2	P15336	505.0	349-415	1-243	F-P15336-F1-model_v3.cif
ASAP1	Q9ULH1	1129.0	1-325	326-560	F-Q9ULH1-F1-model_v3.cif
	Q3KK31	648.0	170-390	399-648	F-Q3KK31-F1-model_v3.cif
LYN	P07948	512.0	129-226,227-246	63-123,502-512	F-P07948-F1-model_v3.cif
MAP2K6	P52564	334.0	251-277	53-314	F-P52564-F1-model_v3.cif
MICAL1	Q8VDP3	1048.0	761-1048	1-489	F-Q8VDP3-F1-model_v3.cif
PLCG1	P19174	1290.0	757-790	668-756	F-P19174-F1-model_v3.cif
ROR2	Q01974	943.0	555-556	473-746	F-Q01974-F1-model_v3.cif
	O62305	720.0	273-317	12-269	F-O62305-F1-model_v3.cif
	A0A0R4I961	279.0	155-279	3-147	F-A0A0R4I961-F1-model_v3.cif
IQGAP1	P46940	1657.0	1276-1657	956-1274	F-P46940-F1-model_v3.cif
LYN	P25911	512.0	129-226,227-246	63-123,502-512	F-P25911-F1-model_v3.cif
PLXNA1	P70206	1894.0	51-491,1266-1346,1472-1672	1348-1472,1673-1894	F-P70206-F1-model_v3.cif
STING1	B8XX90	378.0	339-378	153-339	F-B8XX90-F1-model_v3.cif
WNK1	Q9H4A3	2382.0	488-555	221-479	F-Q9H4A3-F1-model_v3.cif
TRERF1	P60240		1-110	147-416,441-659	F-P60240-F1-model_v3.cif
	Q2U1F3		1-79	150-350	F-Q2U1F3-F1-model_v3.cif
ATR	P38111		2309-2317	2241-2263	F-P38111-F1-model_v3.cif
PTPN2	P17706	415.0	353-387	5-275	F-P17706-F1-model_v3.cif
PRKD2	Q9BZL6	878.0	397-509	551-807	F-Q9BZL6-F1-model_v3.cif
PRKCA	P17252	672.0	19-37	339-597	F-P17252-F1-model_v3.cif
PKN2	Q16513	984.0	455-511	657-916	F-Q16513-F1-model_v3.cif
PACSIN2	Q9UNF0	486.0	344-486	11-282	F-Q9UNF0-F1-model_v3.cif
PACSIN1	Q9BY11	444.0	385-444	13-283	F-Q9BY11-F1-model_v3.cif
MEIS2	O14770	477.0	150-193	276-338	F-O14770-F1-model_v3.cif
MAP3K11	Q16584	847.0	43-103	117-379	F-Q16584-F1-model_v3.cif
IRF4	Q15306	451.0	401-451	21-129	F-Q15306-F1-model_v3.cif
EPHB2	P29323	1055.0	588-623	624-884	F-P29323-F1-model_v3.cif
CHMP3	Q9Y3E7	222.0	151-222	1-113	F-Q9Y3E7-F1-model_v3.cif
CAMK1	Q14012	370.0	286-300	20-276	F-Q14012-F1-model_v3.cif
ARHGEF4	Q9NR80	690.0	129-179	284-468	F-Q9NR80-F1-model_v3.cif
ANP32A	P39687	249.0	121-163	1-120	F-P39687-F1-model_v3.cif
ARHGEF12	Q9NZN5	1544.0	721-764	765-782	F-Q9NZN5-F1-model_v3.cif
ELK4	P28324	431.0	136-214	5-85	F-P28324-F1-model_v3.cif
KPNA1	P52294	538.0	1-57	149-241,318-406	F-P52294-F1-model_v3.cif
PLK1	Q07832	603.0	402-603	53-305	F-Q07832-F1-model_v3.cif
PRKN	Q9JK66	465.0	141-225,378-410	226-377,410-465	F-Q9JK66-F1-model_v3.cif
	P32917	917.0	367-517	593-786	F-P32917-F1-model_v3.cif
TLN1	Q9Y490	2541.0	1654-2344	86-403	F-Q9Y490-F1-model_v3.cif
DLG1	P31007	970.0	481-681	780-955	F-P31007-F1-model_v3.cif
ETV6	P97360	485.0	426-435	335-416	F-P97360-F1-model_v3.cif
GSDMD	Q9D8T2	487.0	279-469	1-273	F-Q9D8T2-F1-model_v3.cif
	Q8VSC3	545.0	57-228	251-545	F-Q8VSC3-F1-model_v3.cif
NLRC4	Q3UP24	1024.0	356-463,578-1020	95-298	F-Q3UP24-F1-model_v3.cif
PTPN11	P35235	593.0	1-103	247-521	F-P35235-F1-model_v3.cif
SEC22B	O75396	215.0	1-130	134-194	F-O75396-F1-model_v3.cif
STING1	E1C7U0	379.0	345-379	158-345	F-E1C7U0-F1-model_v3.cif
ARRB1	P49407	418.0	357-418	1-110	F-P49407-F1-model_v3.cif
HCN1	O60741	890.0	401-479	480-604	F-O60741-F1-model_v3.cif
	Q9RFD6	297.0	1-29	120-175	F-Q9RFD6-F1-model_v3.cif
VPS4A	Q9UN37	437.0	2-116	117-437	F-Q9UN37-F1-model_v3.cif
RPS6KA5	O75582	802.0	702-723	49-318,426-687	F-O75582-F1-model_v3.cif
PRKAR1A	P10644	381.0	1-98	137-381	F-P10644-F1-model_v3.cif
PPP3CB	P16298	524.0	417-423,474-496	22-357	F-P16298-F1-model_v3.cif
PLK4	O97143	769.0	318-380	14-267	F-O97143-F1-model_v3.cif
PACSIN1	Q61644	441.0	426-496	10-280	F-Q61644-F1-model_v3.cif
OTUD7B	Q6GQQ9	843.0	187-193	194-365	F-Q6GQQ9-F1-model_v3.cif
NLRC4	Q9NPP4	1024.0	464-579	95-298	F-Q9NPP4-F1-model_v3.cif
MST1R	Q04912	1400.0	1346-1400	1082-1345	F-Q04912-F1-model_v3.cif
MEFV	O15553	781.0	1-92	580-775	F-O15553-F1-model_v3.cif
MAP3K8	P41279	467.0	395-467	138-388	F-P41279-F1-model_v3.cif
MAP2K4	P45985	399.0	109-136	102-108,137-367	F-P45985-F1-model_v3.cif
GSK3B	Q9WV60	420.0	1-34	56-340	F-Q9WV60-F1-model_v3.cif
GSDMB	Q8TAX9	411.0	248-411	1-247	F-Q8TAX9-F1-model_v3.cif
GRK5	P34947	590.0	563-590	186-448	F-P34947-F1-model_v3.cif
GABPA	Q00422	454.0	401-430	320-400	F-Q00422-F1-model_v3.cif
FHOD1	Q9Y613	1164.0	1053-1133	53-458	F-Q9Y613-F1-model_v3.cif
FARP2	Q91VS8	1065.0	728-745,755-1026	536-727	F-Q91VS8-F1-model_v3.cif
ETV4	P43268	484.0	321-340,433-474	341-421	F-P43268-F1-model_v3.cif
DNMT1	Q24K09	1611.0	696-730	1136-1595	F-Q24K09-F1-model_v3.cif
CYTH3	O43739	400.0	252-264,380-400	77-206	F-O43739-F1-model_v3.cif
CRK	Q04929	305.0	225-297	133-193	F-Q04929-F1-model_v3.cif
CAMK1	Q63450	374.0	285-316	20-276	F-Q63450-F1-model_v3.cif
PLEKHM2	Q8IWE5	1019.0	604-1019	1-603	F-Q8IWE5-F1-model_v3.cif
	Q8NQJ3	143.0	1-40	68-117	F-Q8NQJ3-F1-model_v3.cif
	P41832	1953.0	1792-1826	174-696	F-P41832-F1-model_v3.cif
	P08638	886.0	604-741	857-886	F-P08638-F1-model_v3.cif
MAPRE1	Q61166	268.0	185-255	14-116	F-Q61166-F1-model_v3.cif
MYLK2	P07313	608.0	549-577	297-552	F-P07313-F1-model_v3.cif
PHKG1	P00518	387.0	303-327	343-367	F-P00518-F1-model_v3.cif
PRKN	Q9WVS6	464.0	140-224,377-409	237-292,417-448	F-Q9WVS6-F1-model_v3.cif
PTK2	P34152	1052.0	35-355	390-680	F-P34152-F1-model_v3.cif
SH3KBP1	Q8R550	709.0	381-390	311-372	F-Q8R550-F1-model_v3.cif
	P0A0J0	368.0	16-90	135-205,303-356	F-P0A0J0-F1-model_v3.cif
WNK4	Q96J92	1243.0	466-489	174-432	F-Q96J92-F1-model_v3.cif
	P07038	920.0	892-917	562-625	F-P07038-F1-model_v3.cif
APBB1IP	Q7Z5R6	666.0	30-70	170-220	F-Q7Z5R6-F1-model_v3.cif
STK38	Q15208	465.0	383-455	89-382	F-Q15208-F1-model_v3.cif
RASGRP2	Q7LDG7	609.0	337-551	154-336	F-Q7LDG7-F1-model_v3.cif
RASGRP1	O95267	797.0	468-609	205-436	F-O95267-F1-model_v3.cif
PRKCG	P05129	697.0	18-36	351-614	F-P05129-F1-model_v3.cif
PLCB2	Q00722	1185.0	466-537	312-463,546-662	F-Q00722-F1-model_v3.cif
PASK	Q96RG2	1323.0	183-200	999-1251	F-Q96RG2-F1-model_v3.cif
NOTCH2	Q04721	2471.0	1425-1544	1545-1670	F-Q04721-F1-model_v3.cif
MEIS1	O00470	390.0	148-191	272-334	F-O00470-F1-model_v3.cif
MAP2K2	P36507	400.0	75-102	72-74,103-369	F-P36507-F1-model_v3.cif
HIPK2	Q9H2X6	1198.0	984-1198	199-527	F-Q9H2X6-F1-model_v3.cif
HEXIM1	O94992	359.0	210-250	150-177	F-O94992-F1-model_v3.cif
FLT4	P35916	1363.0	1174-1298	845-1173	F-P35916-F1-model_v3.cif
ETS2	P15036	469.0	325-359	363-443	F-P15036-F1-model_v3.cif
ELK1	P19419	428.0	351-399	5-86	F-P19419-F1-model_v3.cif
DIAPH3	Q9NSV4	1193.0	16-361,1020-1060	540-1013	F-Q9NSV4-F1-model_v3.cif
DAAM1	Q9Y4D1	1078.0	1027-1058	45-420	F-Q9Y4D1-F1-model_v3.cif
CYTH1	Q15438	398.0	388-396	73-202	F-Q15438-F1-model_v3.cif
CSNK1E	P49674	416.0	305-416	9-277	F-P49674-F1-model_v3.cif
COQ8A	Q8NI60	647.0	276-279	329-518	F-Q8NI60-F1-model_v3.cif
CHMP6	Q96FZ7	201.0	168-201	1-145	F-Q96FZ7-F1-model_v3.cif
CHMP4A	Q9BY43	222.0	182-222	1-150	F-Q9BY43-F1-model_v3.cif
CARD11	Q9BXL7	1154.0	448-666	18-110	F-Q9BXL7-F1-model_v3.cif
CAMKK1	Q8N5S9	505.0	435-440	128-409	F-Q8N5S9-F1-model_v3.cif
CAMK2G	Q13555	558.0	283-292	14-272	F-Q13555-F1-model_v3.cif
ARIH2	O95376	493.0	359-493	297-326	F-O95376-F1-model_v3.cif
ARHGAP45	Q92619	1136.0	281-356	757-971	F-Q92619-F1-model_v3.cif
ESPL1	Q14674	2120.0	711-723,955-974,1393-1400	667-1706,1707-2120	F-Q14674-F1-model_v3.cif
ANGPT1	B5XAZ0	145.0	116-120	1-115	F-B5XAZ0-F1-model_v3.cif
	Q9M1V3	960.0	837-891	892-960	F-Q9M1V3-F1-model_v3.cif
SH3GLB1	Q9Y371	365.0	299-365	1-269	F-Q9Y371-F1-model_v3.cif
FOXM1	Q08050	763.0	1-189	350-763	F-Q08050-F1-model_v3.cif
	Q72L95	423.0	1-73	234-423	F-Q72L95-F1-model_v3.cif
SNORA8	Q9LF79	1074.0	43-54	433-464	F-Q9LF79-F1-model_v3.cif
APAF1	O88879	1249.0	1-90	107-285,362-451	F-O88879-F1-model_v3.cif
	P28829	659.0	151-260	394-658	F-P28829-F1-model_v3.cif
	P14633	404.0	26-100	185-404	F-P14633-F1-model_v3.cif
	Q5Y4Y6	464.0	240-464	1-239	F-Q5Y4Y6-F1-model_v3.cif
ITSN1	Q9Z0R4	1714.0	1151-1203	1230-1416	F-Q9Z0R4-F1-model_v3.cif
JAK2	Q62120	1132.0	547-813	849-1124	F-Q62120-F1-model_v3.cif
MYLK2	Q9H1R3	596.0	537-565	285-540	F-Q9H1R3-F1-model_v3.cif
PPP5C	P53042	499.0	28-129	495-499,200-494	F-P53042-F1-model_v3.cif
ROCK2	Q62868	1388.0	971-1047,1150-1349	93-354	F-Q62868-F1-model_v3.cif
	P77994	399.0	1-99	352-379	F-P77994-F1-model_v3.cif
	D0ZVG2	700.0	217-381	404-700	F-D0ZVG2-F1-model_v3.cif
DNAJC2	P32527	433.0	348-364	365-433	F-P32527-F1-model_v3.cif
AIM2	Q91VJ1	354.0	1-113	144-341	F-Q91VJ1-F1-model_v3.cif
RIGI	Q6Q899	926.0	794-925	1-172	F-Q6Q899-F1-model_v3.cif
HIPK3	Q9H422	1215.0	984-1196	197-525	F-Q9H422-F1-model_v3.cif
	D2AJU0	545.0	57-228	251-545	F-D2AJU0-F1-model_v3.cif
	Q8Y842	572.0	61-73	89-243	F-Q8Y842-F1-model_v3.cif
	Q28156	865.0	336-493	154-304	F-Q28156-F1-model_v3.cif
PLXND1	Q3UH93	1925.0	1294-1403,1527-1698	1404-1526,1699-1925	F-Q3UH93-F1-model_v3.cif
	F1M391	379.0	340-379	153-339	F-F1M391-F1-model_v3.cif
SYK	P48025	629.0	107-166,259-364	365-625	F-P48025-F1-model_v3.cif
UNC5B	Q8K1S3	945.0	543-686	689-838,865-943	F-Q8K1S3-F1-model_v3.cif
WNK2	Q9Y3S1	2297.0	488-511	195-453	F-Q9Y3S1-F1-model_v3.cif
STK38L	Q9Y2H1	464.0	384-453	90-383	F-Q9Y2H1-F1-model_v3.cif
RASGRP4	Q8TDF6	673.0	386-593	201-385	F-Q8TDF6-F1-model_v3.cif
PRKD3	O94806	890.0	416-532	576-832	F-O94806-F1-model_v3.cif
PRKCB	P05771	671.0	19-37	601-671	F-P05771-F1-model_v3.cif
PAK2	Q13177	524.0	83-110	249-499	F-Q13177-F1-model_v3.cif
NOXA1	Q86UR1	476.0	399-458	1-314	F-Q86UR1-F1-model_v3.cif
MAP4K3	Q8IVH8	894.0	511-735	16-273	F-Q8IVH8-F1-model_v3.cif
FMNL2	Q96PY5	1086.0	1040-1079	23-469	F-Q96PY5-F1-model_v3.cif
FMNL1	O95466	1100.0	1059-1090	27-468	F-O95466-F1-model_v3.cif
FARP1	Q9Y4F1	1045.0	759-1029	540-730	F-Q9Y4F1-F1-model_v3.cif
EIF4G3	O43432	1585.0	619-630	699-1019	F-O43432-F1-model_v3.cif
DENND1B	Q6P3S1	775.0	423-775	14-395	F-Q6P3S1-F1-model_v3.cif
DENND1A	Q8TEH3	1009.0	500-600	13-378	F-Q8TEH3-F1-model_v3.cif
CAMK4	Q16566	473.0	305-321	46-300	F-Q16566-F1-model_v3.cif
CAMK2B	Q13554	666.0	283-292	14-272	F-Q13554-F1-model_v3.cif
CAMK1G	Q96NX5	476.0	277-317	23-276	F-Q96NX5-F1-model_v3.cif
ARHGEF26	Q96DR7	871.0	376-391	439-623	F-Q96DR7-F1-model_v3.cif
ARHGEF25	Q86VW2	580.0	348-472	155-347	F-Q86VW2-F1-model_v3.cif
AKT3	Q9Y243	479.0	17-147	148-405	F-Q9Y243-F1-model_v3.cif
CDK5RAP2	Q96SN8	1893.0	1-77	97-160	F-Q96SN8-F1-model_v3.cif
KIF4A	O95239	1232.0	1115-1227	9-336	F-O95239-F1-model_v3.cif
MYO7A	Q13402	2215.0	1747-2205	65-741	F-Q13402-F1-model_v3.cif
MERTK	Q24564	635.0	516-635	9-313	F-Q24564-F1-model_v3.cif
PREX2	Q70Z35	1606.0	1581-1606	23-361	F-Q70Z35-F1-model_v3.cif
PDS5B	Q9NTI5	1447.0	1385-1447	1-1384	F-Q9NTI5-F1-model_v3.cif
BABAM1	Q9NWV8	329.0	1-84	85-329	F-Q9NWV8-F1-model_v3.cif
PLXNA3	P70208	1872.0	1244-1324,1450-1650	1325-1449,1651-1872	F-P70208-F1-model_v3.cif
YES1	P07947	543.0	158-255,256-276	91-152,500-543	F-P07947-F1-model_v3.cif
	O81108	1014.0	1-50	51-1014	F-O81108-F1-model_v3.cif
	P19456	948.0	863-885,904-919	1-850,946-948	F-P19456-F1-model_v3.cif
ELF3	P78545	371.0	130-159	273-355	F-P78545-F1-model_v3.cif
ELF5	Q9UKW6	265.0	1-42	173-254	F-Q9UKW6-F1-model_v3.cif
FGR	P09769	529.0	144-241,242-262	77-138,490-529	F-P09769-F1-model_v3.cif
FMNL3	Q6ZPF4	1028.0	968-1018	26-472	F-Q6ZPF4-F1-model_v3.cif
	Q83RJ4	571.0	58-260	279-571	F-Q83RJ4-F1-model_v3.cif
IRF7	P70434	457.0	240-279	1-151,422-457	F-P70434-F1-model_v3.cif
KPNA6	O60684	536.0	1-57	147-239,316-404	F-O60684-F1-model_v3.cif
NEK9	Q8K1R7	984.0	114-119	52-308	F-Q8K1R7-F1-model_v3.cif
NOX5	Q96PH1	765.0	1-169	449-565	F-Q96PH1-F1-model_v3.cif
PPP3CA	P63328	521.0	407-414,467-487	56-340	F-P63328-F1-model_v3.cif
	P0CE12	788.0	223-466	492-788	F-P0CE12-F1-model_v3.cif
STIM2	Q9P246	746.0	67-102	136-204	F-Q9P246-F1-model_v3.cif
	O08722	945.0	541-687	688-828,853-942	F-O08722-F1-model_v3.cif
VAMP7	P51809	220.0	7-110	125-185	F-P51809-F1-model_v3.cif
YKT6	Q5EGY4	198.0	8-131	138-198	F-Q5EGY4-F1-model_v3.cif
ARHGEF9	O43307	516.0	8-67	103-287	F-O43307-F1-model_v3.cif
CAMK2D	Q6PHZ2	499.0	283-292	14-272	F-Q6PHZ2-F1-model_v3.cif
CCNT1	Q9XT26	727.0	335-727	1-334	F-Q9XT26-F1-model_v3.cif
CLIP1	Q922J3	1391.0	1370-1387	231-273	F-Q922J3-F1-model_v3.cif
DLG2	Q63622	852.0	193-279,421-501	662-837	F-Q63622-F1-model_v3.cif
	Q54KF1	1158.0	1134-1158	20-388	F-Q54KF1-F1-model_v3.cif
	P37582	135.0	85-110	1-84	F-P37582-F1-model_v3.cif
GRK5	P43249	590.0	563-590	186-448	F-P43249-F1-model_v3.cif
	P0AES5	875.0	838-875	1-450	F-P0AES5-F1-model_v3.cif
IGF1R	Q60751	1373.0	931-962	1000-1276	F-Q60751-F1-model_v3.cif
IRF3	P70671	419.0	373-419	98-247	F-P70671-F1-model_v3.cif
IRF4	Q64287	450.0	400-450	21-129	F-Q64287-F1-model_v3.cif
IRF7	Q92985	503.0	283-466	1-151,468-503	F-Q92985-F1-model_v3.cif
KPNA5	O15131	539.0	1-60	150-242,319-407	F-O15131-F1-model_v3.cif
MSN	P26041	577.0	467-577	2-295	F-P26041-F1-model_v3.cif
NLRP3	Q8R4B8	1033.0	741-990	216-532	F-Q8R4B8-F1-model_v3.cif
NSF	P46459	744.0	200-219	244-495	F-P46459-F1-model_v3.cif
OTUD7A	Q8TE49	926.0	202-209	210-374	F-Q8TE49-F1-model_v3.cif
PACSIN2	Q9WVE8	486.0	426-486	11-282	F-Q9WVE8-F1-model_v3.cif
PACSIN2	O13154	448.0	11-282	388-448	F-O13154-F1-model_v3.cif
PAK1	P35465	544.0	70-149	269-520	F-P35465-F1-model_v3.cif
PAK2	Q64303	524.0	69-146	249-500	F-Q64303-F1-model_v3.cif
PAK3	Q61036	559.0	65-161	283-534	F-Q61036-F1-model_v3.cif
PAK5	Q9P286	719.0	60-180	449-700	F-Q9P286-F1-model_v3.cif
	P14280	546.0	1-219	220-557	F-P14280-F1-model_v3.cif
PPP3CA	P63329	521.0	407-414,465-487	56-340	F-P63329-F1-model_v3.cif
PRKAA1	Q5EG47	559.0	313-335	27-279	F-Q5EG47-F1-model_v3.cif
PRKG1	P00516	671.0	50-75	360-619	F-P00516-F1-model_v3.cif
ERCC6	P40352	1085.0	12-65	309-518	F-P40352-F1-model_v3.cif
RAF1	P11345	648.0	51-186	349-609	F-P11345-F1-model_v3.cif
TLN2	Q9Y4G6	2542.0	1656-2345	88-406	F-Q9Y4G6-F1-model_v3.cif
