	2_comp	ref_pdb	pdb	complex_rmsd	uniprot
0	0.48799999999999955	6qa4	1pme	0.14000000000000012	P28482
1	0.4939999999999998	6qa4	1tvo	0.21499999999999986	P28482
2	0.8209999999999997	6qa4	1wzy	0.2330000000000001	P28482
3	2.6959999999999997	6qa4	2y9q	0.31499999999999995	P28482
4	0.3689999999999998	6qa4	3sa0	1.0579999999999998	P28482
5	3.562	6qa4	3tei	0.635	P28482
6	2.606	6qa4	4fmq	0.28100000000000014	P28482
7	0.5839999999999996	6qa4	4fux	0.07200000000000006	P28482
8	0.5019999999999998	6qa4	4fuy	0.008000000000000007	P28482
9	0.44899999999999984	6qa4	4fv0	0.05699999999999994	P28482
10	0.5969999999999995	6qa4	4fv1	0.1499999999999999	P28482
11	0.532	6qa4	4fv2	0.07699999999999996	P28482
12	0.641	6qa4	4fv3	0.09200000000000008	P28482
13	0.7949999999999999	6qa4	4fv7	0.10599999999999987	P28482
14	0.49599999999999955	6qa4	4g6n	0.1070000000000002	P28482
15	0.5979999999999999	6qa4	4g6o	0.16999999999999993	P28482
16	3.816	6qa4	4h3p	0.6060000000000001	P28482
17	2.1309999999999993	6qa4	4h3q	0.353	P28482
18	2.532	6qa4	4iz5	0.32000000000000006	P28482
19	3.2899999999999996	6qa4	4iza	0.5740000000000001	P28482
20	0.4119999999999999	6qa4	4n0s	0.5840000000000001	P28482
21	2.83	6qa4	4nif	0.44100000000000006	P28482
22	1.8339999999999996	6qa4	4qp1	0.18599999999999994	P28482
23	3.8859999999999997	6qa4	4qp2	0.5529999999999999	P28482
24	3.7359999999999998	6qa4	4qp3	0.4650000000000001	P28482
25	3.1359999999999997	6qa4	4qp4	0.32600000000000007	P28482
26	3.8179999999999996	6qa4	4qp6	0.42599999999999993	P28482
27	3.1329999999999996	6qa4	4qp7	0.3540000000000001	P28482
28	2.8439999999999994	6qa4	4qp9	0.32499999999999996	P28482
29	3.0229999999999997	6qa4	4qpa	0.2669999999999999	P28482
30	1.1559999999999997	6qa4	4qte	0.08599999999999985	P28482
31	1.7679999999999998	6qa4	4xj0	0.14900000000000002	P28482
32	0.3780000000000001	6qa4	4zxt	0.5550000000000002	P28482
33	0.1379999999999999	6qa4	4zzm	0.03200000000000003	P28482
34	0.34299999999999997	6qa4	4zzn	0.125	P28482
35	0.1379999999999999	6qa4	4zzo	0.1200000000000001	P28482
36	3.175	6qa4	5ax3	0.2370000000000001	P28482
37	0.48499999999999943	6qa4	5lcj	0.05600000000000005	P28482
38	0.44899999999999984	6qa4	5lck	0.0129999999999999	P28482
39	0.5869999999999997	6qa4	5ngu	0.121	P28482
40	0.5039999999999996	6qa4	5nhf	0.11299999999999999	P28482
41	0.798	6qa4	5nhh	0.12700000000000022	P28482
42	0.8079999999999998	6qa4	5nhj	0.08899999999999997	P28482
43	0.891	6qa4	5nhl	0.19499999999999984	P28482
44	0.843	6qa4	5nho	0.1379999999999999	P28482
45	0.7169999999999996	6qa4	5nhp	0.22199999999999998	P28482
46	0.6040000000000001	6qa4	5nhv	0.12300000000000022	P28482
47	1.0339999999999998	6qa4	5v60	0.2789999999999999	P28482
48	1.1070000000000002	6qa4	5v61	0.32200000000000006	P28482
49	1.0750000000000002	6qa4	5v62	0.17899999999999983	P28482
50	0.23899999999999988	6qa4	5wp1	0.15200000000000014	P28482
51	3.0919999999999996	6qa4	6d5y	0.359	P28482
52	0.6520000000000001	6qa4	6dmg	0.09600000000000009	P28482
53	0.8229999999999995	6qa4	6g54	0.07200000000000006	P28482
54	0.0	6qa4	6g8x	0.020000000000000018	P28482
55	0.4710000000000001	6qa4	6g91	0.14400000000000013	P28482
56	0.4449999999999994	6qa4	6g92	0.09399999999999986	P28482
57	0.6479999999999997	6qa4	6g93	0.17099999999999982	P28482
58	0.859	6qa4	6g97	0.1299999999999999	P28482
59	0.7059999999999995	6qa4	6g9a	0.1379999999999999	P28482
60	0.4950000000000001	6qa4	6g9d	0.05799999999999983	P28482
61	0.5699999999999994	6qa4	6g9h	0.06199999999999983	P28482
62	0.492	6qa4	6g9j	0.009999999999999787	P28482
63	0.46999999999999975	6qa4	6g9k	0.040000000000000036	P28482
64	0.508	6qa4	6g9m	0.06400000000000006	P28482
65	0.03399999999999981	6qa4	6g9n	0.09100000000000019	P28482
66	0.5329999999999995	6qa4	6gdm	0.017999999999999794	P28482
67	0.6029999999999998	6qa4	6gdq	0.17499999999999982	P28482
68	0.5299999999999994	6qa4	6ge0	0.03100000000000014	P28482
69	0.47499999999999964	6qa4	6gjb	0.08199999999999985	P28482
70	0.4980000000000002	6qa4	6gjd	0.12300000000000022	P28482
71	1.0350000000000001	6qa4	6opg	0.09399999999999986	P28482
72	0.9429999999999996	6qa4	6oph	0.14700000000000024	P28482
73	0.5729999999999995	6qa4	6q7k	0.019000000000000128	P28482
74	0.43299999999999983	6qa4	6q7s	0.06300000000000017	P28482
75	0.4950000000000001	6qa4	6q7t	0.11299999999999999	P28482
76	0.3519999999999994	6qa4	6qa1	0.002000000000000224	P28482
77	0.46199999999999974	6qa4	6qa3	0.05799999999999983	P28482
78	0.6539999999999999	6qa4	6qag	0.09600000000000009	P28482
79	0.5899999999999999	6qa4	6qah	0.0950000000000002	P28482
80	0.09700000000000042	6qa4	6qal	0.03600000000000003	P28482
81	0.5809999999999995	6qa4	6qaq	0.03000000000000025	P28482
82	0.399	6qa4	6qaw	0.08000000000000007	P28482
83	0.601	6qa4	6rq4	0.1339999999999999	P28482
84	0.8339999999999996	6qa4	6slg	0.21700000000000008	P28482
85	0.48499999999999943	6qa4	7auv	0.06899999999999995	P28482
86	0.4479999999999995	6qa4	7e73	0.06999999999999984	P28482
87	0.5110000000000001	6qa4	7e75	0.09299999999999997	P28482
88	0.41299999999999937	6qa4	7nqq	0.02300000000000013	P28482
89	0.5499999999999998	6qa4	7nqw	0.02499999999999991	P28482
90	0.48099999999999987	6qa4	7nr3	0.11699999999999999	P28482
91	0.020000000000000462	6qa4	7nr5	0.07200000000000006	P28482
92	0.48299999999999965	6qa4	7nr8	0.12699999999999978	P28482
93	0.45899999999999963	6qa4	7nr9	0.02300000000000013	P28482
94	1.112	6qa4	7opm	0.4830000000000001	P28482
95	1.7649999999999997	6qa4	7w5o	0.11399999999999988	P28482
96	0.9649999999999999	6qa4	7x4u	0.0990000000000002	P28482
97	1.7610000000000001	6qa4	7xc1	0.10000000000000009	P28482
98	0.012000000000000455	6qa4	8ao2	0.020999999999999908	P28482
99	0.45199999999999996	6qa4	8ao3	0.10999999999999988	P28482
100	0.46999999999999975	6qa4	8ao4	0.12199999999999989	P28482
101	0.569	6qa4	8ao5	0.05600000000000005	P28482
102	0.46499999999999986	6qa4	8ao6	0.10899999999999999	P28482
103	0.3899999999999997	6qa4	8ao7	0.07200000000000006	P28482
104	0.5699999999999994	6qa4	8ao8	0.1280000000000001	P28482
105	0.46999999999999975	6qa4	8ao9	0.04599999999999982	P28482
106	0.37899999999999956	6qa4	8aoa	0.03399999999999981	P28482
107	0.46199999999999974	6qa4	8aob	0.09200000000000008	P28482
108	0.3949999999999996	6qa4	8aoc	0.041999999999999815	P28482
109	0.5069999999999997	6qa4	8aod	0.06599999999999984	P28482
110	0.4820000000000002	6qa4	8aoe	0.14500000000000002	P28482
111	0.45399999999999974	6qa4	8aof	0.15200000000000014	P28482
112	0.4139999999999997	6qa4	8aog	0.02499999999999991	P28482
113	0.29000000000000004	6qa4	8aoh	0.1280000000000001	P28482
114	0.46499999999999986	6qa4	8aoi	0.391	P28482
115	0.6219999999999999	6qa4	8aoj	0.1070000000000002	P28482
116	1.037	6qa4	8u8j	0.018000000000000238	P28482
117	1.157	6qa4	8u8k	0.05900000000000016	P28482
118	1.0219999999999994	6qa4	8zjv	0.040999999999999925	P28482
119	9.744	4hav	1k5d	1.7640000000000011	P62826
120	9.415	4hav	1k5g	1.6220000000000017	P62826
121	13.129000000000001	4hav	1rrp	3.545	P62826
122	24.038999999999994	4hav	2mmc	12.675999999999998	P62826
123	1.4909999999999997	4hav	2mmg	3.2159999999999975	P62826
124	25.550999999999995	4hav	2n1b	13.277999999999999	P62826
125	13.092999999999996	4hav	3ch5	5.597999999999999	P62826
126	14.970999999999997	4hav	3gj0	6.350999999999999	P62826
127	14.990000000000002	4hav	3gj3	6.463000000000001	P62826
128	15.832999999999998	4hav	3gj4	7.108999999999998	P62826
129	15.902000000000001	4hav	3gj5	7.131999999999998	P62826
130	16.027	4hav	3gj6	7.077999999999999	P62826
131	15.049999999999997	4hav	3gj7	6.567999999999998	P62826
132	17.299999999999997	4hav	3gj8	7.893000000000001	P62826
133	4.0859999999999985	4hav	4gmx	0.2759999999999998	P62826
134	4.895000000000003	4hav	4gpt	0.6679999999999993	P62826
135	4.759	4hav	4hat	0.6829999999999998	P62826
136	1.767000000000003	4hav	4hau	0.3199999999999985	P62826
137	0.0799999999999983	4hav	4haw	0.027000000000001023	P62826
138	2.139000000000003	4hav	4hay	0.3359999999999985	P62826
139	2.6750000000000043	4hav	4haz	0.46399999999999864	P62826
140	3.798000000000002	4hav	4hb0	0.5530000000000008	P62826
141	4.1810000000000045	4hav	4hb2	0.25299999999999834	P62826
142	2.746000000000002	4hav	4hb3	0.44099999999999895	P62826
143	4.834000000000003	4hav	4hb4	0.6499999999999986	P62826
144	4.856000000000002	4hav	4wvf	0.6419999999999995	P62826
145	15.012999999999998	4hav	5ciq	6.594999999999999	P62826
146	14.092999999999996	4hav	5cit	5.916999999999998	P62826
147	14.923000000000002	4hav	5ciw	6.600999999999999	P62826
148	11.743000000000002	4hav	5cj2	4.448999999999998	P62826
149	11.718000000000004	4hav	5clq	2.9830000000000005	P62826
150	3.6750000000000043	4hav	5dh9	0.5999999999999979	P62826
151	4.201999999999998	4hav	5dha	0.5889999999999986	P62826
152	3.9209999999999994	4hav	5dhf	0.47499999999999964	P62826
153	5.0	4hav	5di9	0.602999999999998	P62826
154	5.102000000000004	4hav	5dif	0.5129999999999981	P62826
155	2.861000000000004	4hav	5jlj	0.3979999999999997	P62826
156	3.4100000000000037	4hav	5uwh	0.3769999999999989	P62826
157	5.032000000000004	4hav	5uwi	0.593	P62826
158	4.195999999999998	4hav	5uwj	0.5579999999999998	P62826
159	3.7040000000000006	4hav	5uwo	0.593	P62826
160	4.975999999999999	4hav	5uwp	0.5579999999999998	P62826
161	4.163000000000004	4hav	5uwq	0.5790000000000006	P62826
162	3.533999999999999	4hav	5uwr	0.4499999999999993	P62826
163	4.188000000000002	4hav	5uws	0.5769999999999982	P62826
164	5.008000000000003	4hav	5uwt	0.5949999999999989	P62826
165	4.936	4hav	5uwu	0.6209999999999987	P62826
166	4.178000000000004	4hav	5uww	0.5749999999999993	P62826
167	4.178000000000004	4hav	5yro	0.7539999999999978	P62826
168	4.3060000000000045	4hav	5yst	0.718	P62826
169	4.402999999999999	4hav	5ysu	0.6859999999999999	P62826
170	4.359000000000002	4hav	5ytb	0.5700000000000003	P62826
171	1.4870000000000019	4hav	5zpu	0.6819999999999986	P62826
172	4.438000000000002	4hav	6a38	0.49299999999999855	P62826
173	4.414999999999999	4hav	6a3a	0.4939999999999998	P62826
174	4.326999999999998	4hav	6a3b	0.5380000000000003	P62826
175	4.384	4hav	6a3c	0.5109999999999992	P62826
176	4.331000000000003	4hav	6a3e	0.5269999999999975	P62826
177	4.091000000000001	4hav	6cit	0.6289999999999978	P62826
178	4.326999999999998	4hav	6kft	0.5380000000000003	P62826
179	5.2280000000000015	4hav	6lq9	0.5269999999999975	P62826
180	4.341000000000001	4hav	6m60	0.7169999999999987	P62826
181	4.288000000000004	4hav	6m6x	0.7019999999999982	P62826
182	5.069000000000003	4hav	6x2m	0.5530000000000008	P62826
183	5.051000000000002	4hav	6x2o	0.5599999999999987	P62826
184	3.506999999999998	4hav	6x2p	0.6709999999999994	P62826
185	3.764000000000003	4hav	6x2r	0.5679999999999978	P62826
186	3.341000000000001	4hav	6x2s	0.690999999999999	P62826
187	3.493000000000002	4hav	6x2u	0.666999999999998	P62826
188	2.012999999999998	4hav	6x2v	0.29299999999999926	P62826
189	3.4849999999999994	4hav	6x2w	0.6810000000000009	P62826
190	3.4950000000000045	4hav	6x2x	0.6679999999999993	P62826
191	3.7040000000000006	4hav	6x2y	0.593	P62826
192	4.9239999999999995	4hav	6xjp	0.6340000000000003	P62826
193	4.250999999999998	4hav	6xjr	0.5539999999999985	P62826
194	4.899999999999999	4hav	6xjs	0.6389999999999993	P62826
195	4.963000000000001	4hav	6xjt	0.6129999999999995	P62826
196	4.917000000000002	4hav	6xju	0.6319999999999979	P62826
197	4.206000000000003	4hav	7cnd	0.8089999999999975	P62826
198	4.131	4hav	7dbg	0.8089999999999975	P62826
199	2.243000000000002	4hav	7l5e	0.25099999999999945	P62826
200	15.025999999999996	4hav	7mnp	6.559999999999999	P62826
201	15.876999999999995	4hav	7mnq	7.1179999999999986	P62826
202	15.793	4hav	7mnr	7.029	P62826
203	15.774000000000001	4hav	7mns	7.091999999999999	P62826
204	15.649000000000001	4hav	7mnt	7.091999999999999	P62826
205	13.826	4hav	7mnu	5.8870000000000005	P62826
206	17.073999999999998	4hav	7mnv	7.861999999999998	P62826
207	6.509999999999998	4hav	7mnw	0.03900000000000148	P62826
208	9.411000000000001	4hav	7mnx	1.7570000000000014	P62826
209	4.984999999999999	4hav	7mny	0.6709999999999994	P62826
210	11.436	4hav	7mnz	2.953000000000001	P62826
211	4.957999999999998	4hav	7mo0	0.2259999999999991	P62826
212	15.912999999999997	4hav	7mo1	7.018000000000001	P62826
213	15.991999999999997	4hav	7mo2	7.186	P62826
214	18.402	4hav	7mo3	8.643999999999998	P62826
215	18.327999999999996	4hav	7mo4	8.608999999999998	P62826
216	15.804000000000002	4hav	7mo5	7.041999999999998	P62826
217	4.395000000000003	4hav	7ypz	0.6929999999999978	P62826
218	4.372	4hav	8hq3	0.6999999999999993	P62826
219	4.166000000000004	4hav	8hq4	0.7489999999999988	P62826
220	4.387999999999998	4hav	8hq5	0.6589999999999989	P62826
221	4.280000000000001	4hav	8hq6	0.7459999999999987	P62826
222	4.198999999999998	4hav	8huf	0.7439999999999998	P62826
223	4.189999999999998	4hav	8hug	0.7439999999999998	P62826
224	4.149999999999999	4hav	8itv	0.8149999999999977	P62826
225	2.79	4anq	2xb7	0.9140000000000001	Q9UM73
226	2.7649999999999997	4anq	2xba	0.2470000000000001	Q9UM73
227	0.03500000000000014	4anq	2yhv	0.022999999999999687	Q9UM73
228	0.9739999999999998	4anq	2yjr	0.4580000000000002	Q9UM73
229	1.6389999999999998	4anq	2yjs	0.16400000000000015	Q9UM73
230	0.08699999999999974	4anq	3aox	0.019000000000000128	Q9UM73
231	2.7580000000000005	4anq	3l9p	0.5979999999999999	Q9UM73
232	3.3990000000000005	4anq	3lcs	1.0859999999999999	Q9UM73
233	2.714	4anq	3lct	0.8300000000000001	Q9UM73
234	0.0259999999999998	4anq	4anl	0.0040000000000000036	Q9UM73
235	0.0040000000000000036	4anq	4ans	0.014000000000000012	Q9UM73
236	0.29499999999999993	4anq	4ccb	0.08100000000000018	Q9UM73
237	0.07500000000000018	4anq	4ccu	0.006000000000000005	Q9UM73
238	0.05699999999999994	4anq	4cd0	0.03299999999999992	Q9UM73
239	0.14100000000000001	4anq	4cli	0.03699999999999992	Q9UM73
240	0.06299999999999972	4anq	4clj	0.0259999999999998	Q9UM73
241	0.1080000000000001	4anq	4cmo	0.021999999999999797	Q9UM73
242	0.32099999999999973	4anq	4cmt	0.1070000000000002	Q9UM73
243	0.06700000000000017	4anq	4cmu	0.016999999999999904	Q9UM73
244	0.5129999999999999	4anq	4cnh	0.1030000000000002	Q9UM73
245	0.0990000000000002	4anq	4ctb	0.014999999999999902	Q9UM73
246	1.2369999999999997	4anq	4ctc	0.274	Q9UM73
247	1.7389999999999999	4anq	4dce	0.8070000000000002	Q9UM73
248	0.43100000000000005	4anq	4fnw	0.2290000000000001	Q9UM73
249	2.1239999999999997	4anq	4fnx	0.08599999999999985	Q9UM73
250	0.8519999999999999	4anq	4fny	0.04800000000000004	Q9UM73
251	1.8079999999999998	4anq	4fnz	0.8450000000000002	Q9UM73
252	0.019000000000000128	4anq	4fob	0.019000000000000128	Q9UM73
253	0.5019999999999998	4anq	4foc	0.129	Q9UM73
254	0.10299999999999976	4anq	4fod	0.05099999999999971	Q9UM73
255	2.8880000000000003	4anq	4mkc	0.5509999999999997	Q9UM73
256	2.0530000000000004	4anq	4tt7	0.30699999999999994	Q9UM73
257	1.4410000000000003	4anq	4z55	0.1589999999999998	Q9UM73
258	0.02200000000000024	4anq	5a9u	0.0009999999999998899	Q9UM73
259	0.10899999999999999	4anq	5aa8	0.016000000000000014	Q9UM73
260	0.007000000000000117	4anq	5aa9	0.052999999999999936	Q9UM73
261	0.03799999999999981	4anq	5aaa	0.008999999999999897	Q9UM73
262	0.20100000000000007	4anq	5aab	0.028999999999999915	Q9UM73
263	0.07400000000000029	4anq	5aac	0.0040000000000000036	Q9UM73
264	1.024	4anq	5fto	0.010999999999999899	Q9UM73
265	0.4469999999999996	4anq	5ftq	0.020000000000000018	Q9UM73
266	0.9239999999999999	4anq	5iug	0.512	Q9UM73
267	1.1869999999999998	4anq	5iuh	0.5139999999999998	Q9UM73
268	0.26900000000000057	4anq	5iui	0.16900000000000004	Q9UM73
269	1.2649999999999997	4anq	5kz0	0.24	Q9UM73
270	0.020000000000000018	4anq	6cdt	0.0040000000000000036	Q9UM73
271	2.408	4anq	6e0r	0.07500000000000018	Q9UM73
272	2.5309999999999997	4anq	6ebw	0.647	Q9UM73
273	1.9109999999999998	4anq	6edl	0.778	Q9UM73
274	2.048	4anq	6mx8	0.909	Q9UM73
275	2.079	4anq	7btt	0.4259999999999997	Q9UM73
276	1.263	4anq	7jy4	0.11699999999999999	Q9UM73
277	1.2649999999999997	4anq	7jyr	0.14700000000000002	Q9UM73
278	1.302	4anq	7jys	0.15800000000000014	Q9UM73
279	1.2119999999999997	4anq	7jyt	0.16300000000000003	Q9UM73
280	0.08899999999999997	4anq	7r7k	0.062000000000000055	Q9UM73
281	1.266	4anq	7r7r	0.15600000000000014	Q9UM73
282	1.0919999999999996	4anq	8arj	0.31000000000000005	Q9UM73
283	0.575	7vxg	2shp	0.5549999999999999	Q06124
284	0.2709999999999999	7vxg	4dgp	0.7450000000000001	Q06124
285	0.1479999999999999	7vxg	4dgx	0.728	Q06124
286	0.601	7vxg	4gwf	0.46199999999999997	Q06124
287	0.7689999999999999	7vxg	4h1o	0.728	Q06124
288	1.26	7vxg	4h34	0.815	Q06124
289	0.17000000000000004	7vxg	4nwf	0.238	Q06124
290	0.17800000000000005	7vxg	4nwg	0.20199999999999996	Q06124
291	1.4240000000000002	7vxg	4ohd	1.0799999999999998	Q06124
292	1.587	7vxg	4ohe	0.5349999999999999	Q06124
293	0.139	7vxg	4ohh	0.544	Q06124
294	0.2609999999999999	7vxg	4ohi	0.9610000000000001	Q06124
295	0.385	7vxg	4ohl	0.17199999999999993	Q06124
296	2.091	7vxg	5bk8	1.066	Q06124
297	0.20199999999999996	7vxg	5ehp	0.013000000000000123	Q06124
298	0.32399999999999995	7vxg	5ehr	0.03299999999999992	Q06124
299	0.16200000000000003	7vxg	5i6v	0.013000000000000123	Q06124
300	0.1120000000000001	7vxg	5ibm	0.17500000000000004	Q06124
301	0.04899999999999993	7vxg	5ibs	0.07600000000000007	Q06124
302	0.246	7vxg	5xzr	0.6779999999999999	Q06124
303	0.278	7vxg	6atd	0.06600000000000006	Q06124
304	0.14400000000000002	7vxg	6bmr	0.09600000000000009	Q06124
305	0.19499999999999995	7vxg	6bmu	0.018999999999999906	Q06124
306	0.10200000000000009	7vxg	6bmv	0.06099999999999994	Q06124
307	0.18200000000000005	7vxg	6bmw	0.118	Q06124
308	0.09600000000000009	7vxg	6bmx	0.09999999999999998	Q06124
309	0.19599999999999995	7vxg	6bmy	0.016000000000000014	Q06124
310	0.20999999999999996	7vxg	6bn5	0.20100000000000007	Q06124
311	0.6910000000000001	7vxg	6cmp	0.79	Q06124
312	0.258	7vxg	6cmr	0.33000000000000007	Q06124
313	0.722	7vxg	6cms	0.6639999999999999	Q06124
314	57.507	7vxg	6crf	18.937	Q06124
315	0.0	7vxg	6crg	0.2889999999999999	Q06124
316	0.20699999999999996	7vxg	6md7	0.13600000000000012	Q06124
317	0.251	7vxg	6md9	0.131	Q06124
318	0.278	7vxg	6mda	0.131	Q06124
319	0.20799999999999996	7vxg	6mdb	0.118	Q06124
320	0.361	7vxg	6mdc	0.03299999999999992	Q06124
321	0.1280000000000001	7vxg	6mdd	0.10399999999999998	Q06124
322	0.42100000000000004	7vxg	6wu8	0.44900000000000007	Q06124
323	0.2529999999999999	7vxg	7emn	0.2390000000000001	Q06124
324	0.23099999999999998	7vxg	7jvm	0.131	Q06124
325	0.268	7vxg	7jvn	0.17299999999999993	Q06124
326	0.794	7vxg	7r75	0.7470000000000001	Q06124
327	0.2250000000000001	7vxg	7r7d	0.375	Q06124
328	0.44199999999999995	7vxg	7r7i	0.345	Q06124
329	0.655	7vxg	7r7l	0.14900000000000002	Q06124
330	0.22099999999999997	7vxg	7xhq	0.09699999999999998	Q06124
331	1.0639999999999998	7vxg	8b5y	0.885	Q06124
332	0.0	7vxg	8cbh	0.2490000000000001	Q06124
333	0.281	7vxg	8gww	0.07299999999999995	Q06124
334	0.1379999999999999	7vxg	8rzw	0.3880000000000001	Q06124
335	0.3839999999999999	7vxg	8rzy	0.45599999999999996	Q06124
336	0.050000000000000044	7vxg	8s01	0.5469999999999999	Q06124
337	0.17999999999999994	7vxg	8s04	0.3740000000000001	Q06124
338	0.5249999999999999	7vxg	8s06	0.486	Q06124
339	0.5389999999999999	7vxg	8s07	0.42700000000000005	Q06124
340	0.09200000000000008	7vxg	8s0h	0.40900000000000003	Q06124
341	0.1319999999999999	7vxg	8s0i	0.373	Q06124
342	0.1180000000000001	7vxg	8s0j	0.41100000000000003	Q06124
343	0.1080000000000001	7vxg	8s0k	0.377	Q06124
344	0.08200000000000007	7vxg	8s0o	0.526	Q06124
345	0.31200000000000006	7vxg	8s0p	0.528	Q06124
346	0.16599999999999993	7vxg	8s0q	0.17999999999999994	Q06124
347	0.050000000000000044	7vxg	8s0s	0.272	Q06124
348	0.014999999999999902	7vxg	8t6d	0.31600000000000006	Q06124
349	0.121	7vxg	8t6g	0.7050000000000001	Q06124
350	0.16199999999999992	7vxg	8t7q	0.3460000000000001	Q06124
351	0.010000000000000009	7vxg	8t8q	0.351	Q06124
352	0.29600000000000004	7vxg	8u7w	0.18599999999999994	Q06124
353	0.04899999999999993	7vxg	8u7x	0.2290000000000001	Q06124
354	0.04200000000000004	7vxg	8wfy	0.236	Q06124
355	0.04200000000000004	7vxg	9blg	0.39800000000000013	Q06124
356	0.030999999999999917	7b3m	1s9j	1.843	Q02750
357	0.27900000000000014	7b3m	2p55	1.8499999999999999	Q02750
358	0.256	7b3m	3dv3	1.8889999999999998	Q02750
359	0.29600000000000004	7b3m	3dy7	1.797	Q02750
360	0.22999999999999998	7b3m	3e8n	1.8719999999999999	Q02750
361	0.2250000000000001	7b3m	3eqb	1.833	Q02750
362	0.28200000000000003	7b3m	3eqc	2.106	Q02750
363	0.30200000000000005	7b3m	3eqd	1.916	Q02750
364	0.05499999999999994	7b3m	3eqf	1.799	Q02750
365	0.07400000000000007	7b3m	3eqg	1.898	Q02750
366	0.33000000000000007	7b3m	3eqh	1.9549999999999998	Q02750
367	0.20199999999999996	7b3m	3eqi	1.884	Q02750
368	0.11099999999999999	7b3m	3mbl	1.8579999999999999	Q02750
369	0.09499999999999997	7b3m	3orn	0.30200000000000005	Q02750
370	0.30000000000000004	7b3m	3os3	0.3290000000000002	Q02750
371	0.262	7b3m	3pp1	1.9409999999999998	Q02750
372	0.3899999999999999	7b3m	3sls	0.08099999999999996	Q02750
373	0.04899999999999993	7b3m	3v01	1.8519999999999999	Q02750
374	0.23399999999999999	7b3m	3v04	1.878	Q02750
375	0.28800000000000003	7b3m	3vvh	2.0069999999999997	Q02750
376	0.581	7b3m	3w8q	2.9259999999999997	Q02750
377	0.11099999999999999	7b3m	3wig	0.32200000000000006	Q02750
378	0.32099999999999995	7b3m	3zls	1.8699999999999999	Q02750
379	0.1100000000000001	7b3m	3zlw	2.029	Q02750
380	0.052000000000000046	7b3m	3zlx	2.011	Q02750
381	0.25	7b3m	3zly	2.266	Q02750
382	0.20199999999999996	7b3m	3zm4	2.234	Q02750
383	0.383	7b3m	4an2	0.32699999999999996	Q02750
384	0.06800000000000006	7b3m	4an3	0.33899999999999997	Q02750
385	0.02499999999999991	7b3m	4an9	0.3420000000000001	Q02750
386	0.05400000000000005	7b3m	4anb	0.34099999999999975	Q02750
387	0.28800000000000003	7b3m	4ark	1.6089999999999998	Q02750
388	0.11299999999999999	7b3m	4lmn	1.579	Q02750
389	0.119	7b3m	4mne	1.6689999999999998	Q02750
390	0.21900000000000008	7b3m	4u7z	1.8619999999999999	Q02750
391	0.15100000000000002	7b3m	4u80	1.8909999999999998	Q02750
392	0.22799999999999998	7b3m	4u81	1.9109999999999998	Q02750
393	0.518	7b3m	5bx0	1.8719999999999999	Q02750
394	0.08299999999999996	7b3m	5eym	2.223	Q02750
395	0.129	7b3m	5hze	1.9129999999999998	Q02750
396	0.16900000000000004	7b3m	5yt3	1.2680000000000002	Q02750
397	0.08099999999999996	7b3m	6nyb	1.5759999999999998	Q02750
398	0.14500000000000002	7b3m	6pp9	1.6849999999999998	Q02750
399	0.05600000000000005	7b3m	6q0j	2.229	Q02750
400	0.05400000000000005	7b3m	6q0t	2.208	Q02750
401	0.13800000000000012	7b3m	6u2g	1.4979999999999998	Q02750
402	0.02200000000000002	7b3m	6v2w	1.5579999999999998	Q02750
403	0.03499999999999992	7b3m	7b7r	0.001000000000000334	Q02750
404	0.03200000000000003	7b3m	7b94	0.010999999999999677	Q02750
405	0.04299999999999993	7b3m	7b9l	0.06999999999999984	Q02750
406	0.08299999999999996	7b3m	7m0u	1.5239999999999998	Q02750
407	0.07699999999999996	7b3m	7m0v	1.6029999999999998	Q02750
408	0.1280000000000001	7b3m	7m0x	1.664	Q02750
409	0.040999999999999925	7b3m	7m0y	1.5759999999999998	Q02750
410	0.030999999999999917	7b3m	7m0z	1.5679999999999998	Q02750
411	1.0399999999999998	7b3m	7mfd	0.9750000000000001	Q02750
412	0.3360000000000001	7b3m	7pqv	1.974	Q02750
413	0.20300000000000007	7b3m	7xlp	1.9929999999999999	Q02750
414	0.14800000000000013	7b3m	7xnc	1.7699999999999998	Q02750
415	0.25	7b3m	8dgs	1.4659999999999997	Q02750
416	0.050000000000000044	7b3m	8dgt	1.5379999999999998	Q02750
417	1.0839999999999999	7b3m	8chf	1.0	Q02750
418	1.857	7b3m	9axa	1.35	Q02750
419	1.7419999999999998	7b3m	9axc	1.3399999999999999	Q02750
420	0.29900000000000004	7b3m	9axh	0.09799999999999986	Q02750
421	0.09600000000000009	7b3m	9axm	0.08700000000000019	Q02750
422	0.2889999999999999	7b3m	9axx	0.129	Q02750
423	0.09600000000000009	7b3m	9axy	1.6159999999999999	Q02750
424	0.17999999999999994	7b3m	9ay7	1.8279999999999998	Q02750
425	0.14500000000000002	7b3m	9aya	0.14100000000000001	Q02750
426	0.018999999999999906	5aqh	3fzf	0.2599999999999998	P11142
427	0.0040000000000000036	5aqh	3fzh	0.16000000000000014	P11142
428	0.06800000000000006	5aqh	3fzk	0.1429999999999998	P11142
429	0.03600000000000003	5aqh	3fzl	0.09600000000000009	P11142
430	0.11699999999999999	5aqh	3fzm	0.08000000000000007	P11142
431	0.09400000000000008	5aqh	3ldq	0.24099999999999966	P11142
432	0.02499999999999991	5aqh	3m3z	0.08400000000000007	P11142
433	0.17500000000000004	5aqh	4h5n	0.5350000000000001	P11142
434	0.3900000000000001	5aqh	4h5r	0.6040000000000001	P11142
435	0.15399999999999991	5aqh	4h5t	0.992	P11142
436	0.02400000000000002	5aqh	4h5v	0.597	P11142
437	0.15900000000000003	5aqh	4h5w	0.6789999999999998	P11142
438	0.052000000000000046	5aqh	4hwi	0.32699999999999996	P11142
439	0.03600000000000003	5aqh	5aqf	0.07500000000000018	P11142
440	0.038000000000000034	5aqh	5aqg	0.05500000000000016	P11142
441	0.006000000000000005	5aqh	5aqi	0.03500000000000014	P11142
442	0.01200000000000001	5aqh	5aqj	0.1339999999999999	P11142
443	0.02200000000000002	5aqh	5aqk	0.13900000000000023	P11142
444	0.121	5aqh	5aql	0.052999999999999936	P11142
445	0.127	5aqh	5aqm	0.02300000000000013	P11142
446	0.08099999999999996	5aqh	5aqn	0.0030000000000001137	P11142
447	0.0029999999999998916	5aqh	5aqo	0.01100000000000012	P11142
448	0.06499999999999995	5aqh	5aqp	0.008000000000000007	P11142
449	0.12400000000000011	5aqh	5aqq	0.01200000000000001	P11142
450	0.06099999999999994	5aqh	5aqr	0.0009999999999998899	P11142
451	0.08800000000000008	5aqh	5aqs	0.04499999999999993	P11142
452	0.052000000000000046	5aqh	5aqt	0.016999999999999904	P11142
453	0.020999999999999908	5aqh	5aqu	0.018000000000000238	P11142
454	0.001000000000000112	5aqh	5aqv	0.15300000000000002	P11142
455	0.24	5aqh	6b1i	0.7629999999999999	P11142
456	0.28	5aqh	6b1n	0.8239999999999998	P11142
457	0.18499999999999994	5aqh	6zyj	0.7149999999999999	P11142
458	0.3520000000000001	5h0e	1qcf	0.554	P08631
459	0.22599999999999998	5h0e	2c0i	0.7080000000000002	P08631
460	0.2250000000000001	5h0e	2c0o	0.677	P08631
461	0.08699999999999997	5h0e	3vry	0.744	P08631
462	0.478	5h0e	3vrz	0.7090000000000001	P08631
463	0.4309999999999998	5h0e	3vs0	0.657	P08631
464	0.639	5h0e	3vs1	0.558	P08631
465	0.15300000000000002	5h0e	3vs2	0.7030000000000001	P08631
466	0.19500000000000006	5h0e	3vs3	0.7710000000000001	P08631
467	0.0129999999999999	5h0e	3vs4	0.6840000000000002	P08631
468	0.07299999999999995	5h0e	3vs5	0.768	P08631
469	0.129	5h0e	3vs6	0.6900000000000002	P08631
470	0.5650000000000002	5h0e	3vs7	0.4690000000000001	P08631
471	0.5039999999999998	5h0e	4lud	0.8030000000000002	P08631
472	0.08099999999999996	5h0e	4lue	0.869	P08631
473	0.28400000000000003	5h0e	5h09	0.08599999999999985	P08631
474	0.45999999999999996	5h0e	5h0b	0.0009999999999998899	P08631
475	0.19199999999999995	5h0e	5h0g	0.020000000000000018	P08631
476	0.42599999999999993	5h0e	5h0h	0.028999999999999915	P08631
477	0.702	4x3p	1j8f	9.54	Q8IXJ6
478	0.788	4x3p	3zgo	2.6559999999999997	Q8IXJ6
479	0.867	4x3p	3zgv	1.26	Q8IXJ6
480	0.3899999999999999	4x3p	4l3o	1.4310000000000003	Q8IXJ6
481	0.3779999999999999	4x3p	4r8m	0.3410000000000002	Q8IXJ6
482	0.06899999999999995	4x3p	4rmg	0.9000000000000001	Q8IXJ6
483	0.050000000000000044	4x3p	4rmh	0.885	Q8IXJ6
484	0.08599999999999997	4x3p	4rmi	0.264	Q8IXJ6
485	0.7010000000000001	4x3p	4rmj	1.2450000000000003	Q8IXJ6
486	0.0050000000000000044	4x3p	4x3o	0.10899999999999999	Q8IXJ6
487	0.788	4x3p	5d7o	1.159	Q8IXJ6
488	1.063	4x3p	5d7p	1.3220000000000003	Q8IXJ6
489	0.812	4x3p	5d7q	1.3060000000000003	Q8IXJ6
490	0.030000000000000027	4x3p	5dy4	1.062	Q8IXJ6
491	0.10899999999999999	4x3p	5dy5	0.9259999999999999	Q8IXJ6
492	0.10899999999999999	4x3p	5fyq	0.627	Q8IXJ6
493	0.536	4x3p	5g4c	0.13200000000000012	Q8IXJ6
494	0.996	4x3p	5mar	1.3710000000000002	Q8IXJ6
495	0.08999999999999997	4x3p	5mat	1.0050000000000001	Q8IXJ6
496	0.006000000000000005	4x3p	5yql	0.5590000000000002	Q8IXJ6
497	0.017000000000000015	4x3p	5yqm	0.4740000000000002	Q8IXJ6
498	0.02100000000000002	4x3p	5yqn	0.3590000000000002	Q8IXJ6
499	0.006000000000000005	4x3p	5yqo	0.32600000000000007	Q8IXJ6
500	0.03300000000000003	4x3p	6l65	0.6180000000000001	Q8IXJ6
501	0.006000000000000005	4x3p	6l66	0.014000000000000012	Q8IXJ6
502	0.04800000000000004	4x3p	6l71	0.053999999999999826	Q8IXJ6
503	0.027000000000000024	4x3p	6l72	0.013000000000000123	Q8IXJ6
504	0.01100000000000001	4x3p	6nr0	0.052999999999999936	Q8IXJ6
505	0.9550000000000001	4x3p	6qcn	1.2590000000000001	Q8IXJ6
506	0.3420000000000001	4x3p	7t1d	1.4350000000000003	Q8IXJ6
507	0.09499999999999997	4x3p	8owz	0.8500000000000003	Q8IXJ6
508	0.01200000000000001	4x3p	8tgp	0.05800000000000005	Q8IXJ6
509	0.46499999999999986	6i83	2ivs	0.44300000000000006	P07949
510	0.16800000000000015	6i83	2ivt	0.20900000000000007	P07949
511	0.39400000000000013	6i83	2ivu	0.41000000000000014	P07949
512	0.39400000000000013	6i83	2ivv	0.3719999999999999	P07949
513	0.3490000000000002	6i83	2x2k	0.246	P07949
514	0.1349999999999998	6i83	2x2l	0.22799999999999976	P07949
515	0.19899999999999984	6i83	2x2m	0.4129999999999998	P07949
516	0.5270000000000001	6i83	4cki	0.028999999999999915	P07949
517	0.04600000000000026	6i83	4ckj	0.1120000000000001	P07949
518	0.3799999999999999	6i83	5fm2	1.353	P07949
519	0.6000000000000005	6i83	5fm3	1.214	P07949
520	0.4980000000000002	6i83	6ne7	0.11699999999999999	P07949
521	0.4790000000000001	6i83	6nec	0.2599999999999998	P07949
522	0.4349999999999996	6i83	6nja	0.004999999999999893	P07949
523	0.5970000000000004	6i83	6vhg	0.9769999999999999	P07949
524	0.054999999999999716	6i83	7du8	0.3420000000000001	P07949
525	0.0039999999999995595	6i83	7du9	0.29499999999999993	P07949
526	0.03399999999999981	6i83	7dua	0.395	P07949
527	0.26199999999999957	6i83	7ju6	0.347	P07949
528	0.34799999999999986	6i83	7nzn	0.2999999999999998	P07949
529	0.3689999999999998	6i83	7run	0.7229999999999999	P07949
530	0.9249999999999999	3ru0	3mek	0.5249999999999999	Q9H7B4
531	0.040000000000000036	3ru0	3oxf	0.029000000000000137	Q9H7B4
532	0.274	3ru0	3oxg	0.127	Q9H7B4
533	0.32600000000000007	3ru0	3oxl	0.31200000000000006	Q9H7B4
534	0.8959999999999999	3ru0	3pdn	0.4949999999999999	Q9H7B4
535	0.8339999999999999	3ru0	3qwp	0.5119999999999999	Q9H7B4
536	0.506	3ru0	5ccl	0.30199999999999994	Q9H7B4
537	0.8859999999999999	3ru0	5ccm	0.47899999999999987	Q9H7B4
538	0.9079999999999999	3ru0	5ex0	0.405	Q9H7B4
539	1.1139999999999999	3ru0	5ex3	0.534	Q9H7B4
540	0.9099999999999999	3ru0	5hi7	0.4019999999999999	Q9H7B4
541	0.1259999999999999	3ru0	5hq8	0.03499999999999992	Q9H7B4
542	0.6799999999999999	3ru0	5v37	0.3629999999999999	Q9H7B4
543	0.8939999999999999	3ru0	5yjo	0.5579999999999999	Q9H7B4
544	0.7889999999999999	3ru0	6ijl	0.4029999999999999	Q9H7B4
545	0.8719999999999999	3ru0	6o9o	0.569	Q9H7B4
546	0.8719999999999999	3ru0	6p6g	0.569	Q9H7B4
547	0.4829999999999999	3ru0	6p6k	0.3779999999999999	Q9H7B4
548	0.818	3ru0	6p7z	0.47399999999999987	Q9H7B4
549	0.8609999999999999	3ru0	6paf	0.5439999999999999	Q9H7B4
550	0.7619999999999999	3ru0	6yuh	0.3919999999999999	Q9H7B4
551	0.825	3ru0	6zrb	0.45799999999999996	Q9H7B4
552	0.7799999999999999	3ru0	7bj1	0.45799999999999996	Q9H7B4
553	0.825	3ru0	7o2a	0.46299999999999997	Q9H7B4
554	0.831	3ru0	7o2b	0.42899999999999994	Q9H7B4
555	0.8559999999999999	3ru0	7o2c	0.46199999999999997	Q9H7B4
556	0.7949999999999999	3ru0	7qlb	0.44599999999999995	Q9H7B4
557	0.8019999999999999	3ru0	7qnr	0.4089999999999999	Q9H7B4
558	0.7859999999999999	3ru0	7qnu	0.4059999999999999	Q9H7B4
559	0.7449999999999999	3ru0	8owo	0.44599999999999995	Q9H7B4
560	2.5650000000000004	6lwr	1tdh	0.06299999999999994	Q96FI4
561	2.6670000000000003	6lwr	4nrv	0.10099999999999998	Q96FI4
562	2.4370000000000003	6lwr	5itq	0.21300000000000008	Q96FI4
563	8.491	6lwr	5itr	0.3839999999999999	Q96FI4
564	8.57	6lwr	5itt	0.361	Q96FI4
565	8.431000000000001	6lwr	5itu	0.3839999999999999	Q96FI4
566	0.2410000000000001	6lwr	6lwd	0.21999999999999997	Q96FI4
567	0.053999999999999826	6lwr	6lwf	0.016000000000000014	Q96FI4
568	0.2650000000000001	6lwr	6lwg	0.19999999999999996	Q96FI4
569	8.643	6lwr	6lwi	0.19900000000000007	Q96FI4
570	8.709	6lwr	6lwk	0.20999999999999996	Q96FI4
571	8.669	6lwr	6lwl	0.17799999999999994	Q96FI4
572	0.4570000000000003	6lwr	6lwn	0.2670000000000001	Q96FI4
573	8.51	6lwr	6lwq	0.1399999999999999	Q96FI4
574	0.39399999999999835	5kcv	3o96	0.07200000000000095	P31749
575	0.0519999999999996	5kcv	4ejn	0.359	P31749
576	0.4239999999999995	5kcv	6hhf	0.2270000000000003	P31749
577	0.31899999999999906	5kcv	6hhg	0.4009999999999998	P31749
578	0.43799999999999883	5kcv	6hhh	0.5199999999999996	P31749
579	0.18900000000000006	5kcv	6hhi	0.11500000000000021	P31749
580	0.4869999999999983	5kcv	6hhj	0.30799999999999983	P31749
581	0.5339999999999989	5kcv	6s9w	0.5990000000000002	P31749
582	0.33800000000000097	5kcv	6s9x	0.6140000000000008	P31749
583	0.379999999999999	5kcv	7nh4	1.1560000000000006	P31749
584	0.5399999999999991	5kcv	7nh5	0.9139999999999997	P31749
585	12.032000000000004	2y1m	1fbv	1.120000000000001	P22681
586	7.903000000000002	2y1m	2k4d	7.096	P22681
587	3.276	2y1m	2y1n	0.6679999999999993	P22681
588	20.785999999999998	2y1m	4a49	22.466	P22681
589	19.819	2y1m	4a4b	22.458	P22681
590	20.076	2y1m	4a4c	22.447	P22681
591	4.309999999999999	2y1m	5hkx	4.07	P22681
592	5.460000000000001	2y1m	5j3x	0.14499999999999957	P22681
593	19.817999999999998	2y1m	5o76	21.989	P22681
594	0.351	3ka0	1kwp	4.288	P49137
595	0.09799999999999986	3ka0	2jbp	0.2969999999999997	P49137
596	0.125	3ka0	2oza	2.103	P49137
597	0.24099999999999988	3ka0	3gok	0.9729999999999999	P49137
598	0.029999999999999805	3ka0	4tyh	1.8459999999999996	P49137
599	0.04499999999999993	3ka0	6tca	2.2839999999999994	P49137
600	3.734	3ka0	8xu4	1.5909999999999997	P49137
601	0.08099999999999996	3ka0	8xx1	1.843	P49137
602	0.19999999999999973	2msv	6d74	0.06700000000000017	Q8NB16
603	1.5430000000000001	2msv	6ux8	1.524	Q8NB16
604	0.36499999999999977	2msv	6zle	0.44099999999999984	Q8NB16
605	0.4750000000000001	2msv	6zpr	0.04599999999999982	Q8NB16
606	1.856	2msv	6zvo	1.5150000000000001	Q8NB16
607	1.9820000000000002	2msv	6zz1	1.863	Q8NB16
608	0.7770000000000001	2msv	7nm2	0.21099999999999985	Q8NB16
609	0.11400000000000032	2msv	7nm4	0.4940000000000002	Q8NB16
610	0.20100000000000007	2msv	7nm5	0.6970000000000001	Q8NB16
611	1.1719999999999997	7cm5	6wpk	2.759	Q6SZW1
612	1.468	7cm5	6zfx	0.7869999999999999	Q6SZW1
613	0.22199999999999998	7cm5	7anw	0.09399999999999986	Q6SZW1
614	0.1030000000000002	7cm5	7cm6	0.11699999999999999	Q6SZW1
615	0.46499999999999986	7cm5	7cm7	0.04800000000000004	Q6SZW1
616	1.234	7cm5	7djt	0.718	Q6SZW1
617	49.945	7cm5	7knq	20.416	Q6SZW1
618	0.3859999999999997	7cm5	7ld0	0.6189999999999998	Q6SZW1
619	0.4129999999999998	7cm5	7qg0	0.2709999999999999	Q6SZW1
620	0.006000000000000005	3kjd	3kcz	0.796	Q9UGN5
621	0.22899999999999987	3kjd	4pjv	0.07600000000000007	Q9UGN5
622	0.2270000000000001	3kjd	4tvj	0.867	Q9UGN5
623	0.10699999999999998	3kjd	4zzx	0.133	Q9UGN5
624	1.573	3kjd	4zzy	0.9099999999999999	Q9UGN5
625	16.86	3kjd	7aeo	8.08	Q9UGN5
626	0.369	3kjd	7r59	0.17500000000000004	Q9UGN5
627	0.53	3kjd	8he8	0.512	Q9UGN5
628	0.359	3kjd	8hko	0.31899999999999995	Q9UGN5
629	0.43900000000000006	3kjd	8hks	0.46499999999999986	Q9UGN5
630	0.14200000000000013	3kjd	8hlj	0.18799999999999994	Q9UGN5
631	0.702	3kjd	8hlq	0.3839999999999999	Q9UGN5
632	1.175	5oe7	3znv	0.44700000000000006	Q96BN8
633	0.7929999999999999	5oe7	3znx	1.053	Q96BN8
634	0.01399999999999979	5oe7	3znz	0.5819999999999999	Q96BN8
635	1.279	5oe7	4ksj	0.889	Q96BN8
636	1.218	5oe7	4ksk	0.897	Q96BN8
637	0.04899999999999993	5oe7	4ksl	0.0259999999999998	Q96BN8
638	0.911	5oe7	6i9c	0.877	Q96BN8
639	0.581	5oe7	6sak	0.873	Q96BN8
640	0.5519999999999996	8s5j	4coo	4.095999999999998	P35520
641	0.9050000000000011	8s5j	4l0d	4.188999999999998	P35520
642	2.2730000000000032	8s5j	4l28	2.9350000000000005	P35520
643	27.444000000000003	8s5j	4pcu	8.592	P35520
644	1.2040000000000006	8s5j	7qgt	4.380000000000001	P35520
645	0.31400000000000006	8s5j	8s5h	0.5899999999999999	P35520
646	0.10600000000000165	8s5j	8s5i	0.125	P35520
647	0.055999999999997385	8s5j	8s5k	0.4919999999999991	P35520
648	0.715999999999994	7zgu	6npy	0.012000000000000455	Q96P20
649	1.757000000000005	7zgu	7pzc	16.192000000000004	Q96P20
650	1.7710000000000008	7zgu	7vtp	1.2580000000000027	Q96P20
651	72.204	7zgu	8ej4	16.246	Q96P20
652	56.193999999999996	7zgu	8swf	12.68	Q96P20
653	1.4050000000000011	7zgu	8swk	1.3309999999999995	Q96P20
654	0.6499999999999915	7zgu	8sxn	0.2630000000000017	Q96P20
655	6.411000000000001	7khi	4llg	4.620999999999999	P00579
656	5.025999999999996	7khi	4lk1	4.091999999999999	P00579
657	5.027000000000001	7khi	4zh2	4.092999999999998	P00579
658	5.018000000000001	7khi	4zh3	4.093999999999998	P00579
659	4.991	7khi	4zh4	4.093999999999998	P00579
660	40.242999999999995	1y57	1fmk	22.219	P12931
661	42.269999999999996	1y57	1ksw	22.309	P12931
662	44.587999999999994	1y57	2h8h	22.73	P12931
663	41.934	1y57	2src	22.383	P12931
664	45.214	1y57	4k11	22.822	P12931
665	41.257	1y57	7yqe	21.984	P12931
666	8.366	7liu	4pxa	3.5280000000000005	O00571
667	7.166	7liu	5e7j	3.426	O00571
668	6.432	7liu	5e7m	2.8020000000000005	O00571
669	7.4559999999999995	7liu	6cz5	3.1029999999999998	O00571
670	11.709	7liu	6o5f	21.119999999999997	O00571
671	10.98	7liu	8ssw	23.557000000000002	O00571
672	1.6399999999999997	6b1u	5ezv	1.0790000000000002	P54646
673	0.18900000000000006	6b1u	5iso	0.3139999999999996	P54646
674	2.1100000000000003	6b1u	6b2e	0.8460000000000001	P54646
675	0.027000000000000135	6b1u	8bik	0.13199999999999967	P54646
676	0.0040000000000000036	2cke	1wmk	0.18499999999999983	Q9UIK4
677	0.018000000000000016	2cke	1z9x	0.03499999999999992	Q9UIK4
678	0.1319999999999999	2cke	2a27	0.04999999999999982	Q9UIK4
679	0.026000000000000023	2cke	2a2a	0.08899999999999997	Q9UIK4
680	0.139	2cke	6paw	3.479	Q9UIK4
681	0.19899999999999984	6iin	2ayn	0.8640000000000001	P54578
682	1.033	6iin	2ayo	1.199	P54578
683	0.010999999999999677	6iin	6iik	0.15500000000000003	P54578
684	0.04900000000000038	6iin	6iil	0.016000000000000014	P54578
685	1.774	6iin	6iim	0.248	P54578
686	0.04799999999999993	3fhr	3fxw	0.020999999999999908	Q16644
687	0.39600000000000013	3fhr	3r1n	0.20499999999999985	Q16644
688	0.1180000000000001	3fhr	3she	0.20499999999999985	Q16644
689	0.09799999999999998	3fhr	7nrb	0.0129999999999999	Q16644
690	0.2669999999999999	8a8m	3enm	0.3700000000000001	P52564
691	0.21799999999999997	8a8m	3fme	3.707	P52564
692	0.27	8a8m	3vn9	3.062	P52564
693	1.1840000000000002	8a8m	8p7j	2.745	P52564
694	1.254	8a8m	8pm3	2.689	P52564
695	0.6140000000000001	6uqg	5u6o	0.268	O60741
696	0.244	6uqg	5u6p	0.6020000000000001	O60741
697	0.04499999999999993	6uqg	6uqf	1.756	O60741
698	0.3550000000000002	2qr8	2qr7	0.2250000000000001	P18654
699	0.30900000000000016	2qr8	4m8t	0.32600000000000007	P18654
700	0.38700000000000023	2qr8	4mao	0.1299999999999999	P18654
701	0.14399999999999968	2qr8	5o1s	0.23999999999999977	P18654
702	69.217	6ty3	2j0j	19.831000000000003	Q00944
703	66.311	6ty3	2j0k	20.641000000000002	Q00944
704	0.46699999999999875	6ty3	6ty4	0.045999999999999375	Q00944
705	1.598	8ssn	1opl	1.7620000000000002	P00519
706	1.8130000000000002	8ssn	5mo4	1.7630000000000001	P00519
707	26.229	4wxx	3pta	6.224	P26358
708	24.957	4wxx	3swr	5.511	P26358
709	34.039	4wxx	7xi9	6.805999999999999	P26358
710	0.10399999999999987	4kc9	4kbl	1.3039999999999998	Q9Y4X5
711	0.23199999999999998	4kc9	5udh	0.5090000000000003	Q9Y4X5
712	0.1379999999999999	6ayw	2vn9	0.006000000000000005	Q13557
713	0.11699999999999999	6ayw	5vlo	0.030999999999999917	Q13557
714	0.30000000000000004	4ped	5i35	0.25900000000000034	Q8NI60
715	0.823	4ped	7udp	0.7640000000000002	Q8NI60
716	1.233	4ped	7udq	0.3540000000000001	Q8NI60
717	10.098	1r36	1md0	5.825000000000001	P27577
718	9.498	1r36	6da1	4.296000000000001	P27577
719	9.997	1r36	6dat	4.41	P27577
720	52.441	6bbq	2r09	21.607000000000003	O08967
721	52.415	6bbq	2r0d	21.671	O08967
722	2.155999999999999	6bbq	6bbp	0.7250000000000014	O08967
723	0.3860000000000001	5ypr	1jxm	0.13800000000000012	P31016
724	0.9740000000000002	5ypr	1jxo	0.4179999999999999	P31016
725	1.3200000000000003	5ypr	1kjw	0.8189999999999997	P31016
726	0.393	4k7d	4k95	0.39400000000000013	Q9JK66
727	0.5279999999999998	4k7d	4zyn	1.3199999999999998	Q9JK66
728	8.271	4k7d	7us1	7.317	Q9JK66
729	10.708000000000002	7ny1	1mhs	9.311	P07038
730	0.0	7ny1	7nxf	0.0	P07038
731	3.1630000000000003	6gu0	6gtv	0.655	A0A0R4I961
732	1.2840000000000003	6gu0	6gtz	0.474	A0A0R4I961
733	1.2720000000000002	2jc6	6t6f	3.161	Q8IU85
734	1.3580000000000005	4ey0	4fbn	0.516	P19174
735	0.6349999999999999	3zzw	4gt4	0.24099999999999988	Q01974
736	0.267	4fgb	4fg8	1.415	Q14012
737	1.7639999999999998	4fgb	4fg9	0.34399999999999986	Q14012
738	0.01100000000000012	2je1	2je0	0.040000000000000036	P39687
739	0.1359999999999999	2je1	4xos	0.2509999999999999	P39687
740	0.9670000000000001	3aln	3alo	0.9749999999999996	P45985
741	0.6270000000000024	8fw9	8fvu	0.6189999999999998	Q9NPP4
742	0.31700000000000017	8fw9	8fw2	0.12100000000000222	Q9NPP4
743	1.689	3av0	5dny	1.0410000000000004	Q58719
744	1.6720000000000006	3av0	5f3w	1.032	Q58719
745	0.0	8f2h	8f2i	0.0	P04637
746	0.385	4wzi	4x0f	0.07600000000000007	Q07343
747	0.8590000000000001	5upd	6cen	1.829	Q9BZ95
748	1.6230000000000002	3ky9	6nf1	0.19199999999999973	P15498
749	0.6659999999999968	2lqn	2lqw	0.7719999999999985	P46109
750	2.167	4or9	4ora	0.391	P16298
751	2.154	5lru	5lrv	1.141	Q6GQQ9
752	0.3849999999999998	1xsz	4c7p	0.10399999999999987	Q8RT31
753	1.0500000000000003	2lf7	2lf8	3.297	P97360
754	1.0220000000000002	3pjw	3pjx	0.5510000000000002	Q3KK31
755	18.291999999999998	4s20	7m8e	6.013999999999999	P60240
756	0.3899999999999999	4fl2	4fl3	1.111	P43405
757	0.0990000000000002	3lfv	3mf0	0.11499999999999977	O76074
758	29.15	2j3s	4p3w	5.029	P21333
759	3.1850000000000023	8gae	8gft	1.0279999999999987	P53041
760	46.062	4u7p	4u7t	14.46	Q9Y6K1
761	55.662	2b3o	3ps5	24.434	P29350
762	1.3980000000000032	7lfh	7vtq	0.0940000000000012	Q8R4B8
763	4.138999999999999	4ja7	4ja9	0.1080000000000001	P53042
764	0.15799999999999992	7bfk	7bfl	2.1899999999999995	B5XAZ0
765	32.153	2kb3	2kb4	15.399	Q8NQJ3
