gene_name	uniprot	protein_length	region_1	region_2	af_filename	percent_disorder_1	ar_disorder	complex_mean_plddt	r1_mean_plddt	r2_mean_plddt	mean_pae_1_1	mean_pae_1_2	mean_pae_2_2
Nos1	P29476	1429.0	815-870	757-949	F-P29476-F1-model_v3.cif	0.0	structured	80.682	57.624	78.619	12.992	14.646	7.729
PTPN1	P18031	435.0	353-387	2-277	F-P18031-F1-model_v3.cif	100.0	disordered	82.031	34.417	97.486	14.11	30.495	2.608
EGFR	P00533	1210.0	166-309,482-618	712-979	F-P00533-F1-model_v3.cif	0.0	structured	76.521	91.899	84.857	10.383	28.74	5.973
TP53	P04637	393.0	364-393	102-292	F-P04637-F1-model_v3.cif	100.0	disordered	75.129	44.089	95.235	13.727	30.844	3.587
CHEK1	O14757	476.0	391-476	9-265	F-O14757-F1-model_v3.cif	1.163	structured	78.134	82.253	93.278	6.024	14.438	3.52
SRC	P00523	533.0	148-245,246-266	81-142,521-533	F-P00523-F1-model_v3.cif	0.0	structured	84.2	93.342	87.641	5.052	7.124	10.377
NOS3	P29473	1205.0	593-637	522-795	F-P29473-F1-model_v3.cif	0.0	structured	82.985	50.954	79.244	11.884	18.455	11.048
JAK2	O60674	1132.0	758-807	849-1124	F-O60674-F1-model_v3.cif	0.0	structured	87.782	92.552	92.353	2.737	15.435	5.291
MAPK1	P28482	360.0	173-196	25-172,197-313	F-P28482-F1-model_v3.cif	0.0	structured	90.99	67.84	94.226	8.599	14.084	3.528
BTK	Q06187	659.0	3-133	402-655	F-Q06187-F1-model_v3.cif	67.939	disordered	84.988	85.735	91.487	5.969	26.721	4.19
KPNA2	P52293	529.0	2-60	142-238,315-403	F-P52293-F1-model_v3.cif	100.0	disordered	86.168	44.323	97.522	18.296	23.579	2.485
RAN	P62826	216.0	179-216	10-169	F-P62826-F1-model_v3.cif	100.0	disordered	88.832	68.452	94.354	10.256	26.339	3.587
BRAF	P15056	766.0	100-345	457-717	F-P15056-F1-model_v3.cif	17.48	structured	68.039	64.331	87.574	21.398	29.82	5.463
PDE4D	Q08499	809.0	271-339	386-715	F-Q08499-F1-model_v3.cif	0.0	structured	68.208	84.875	96.086	8.362	15.693	3.101
GSK3B	P49841	420.0	3-12	56-340	F-P49841-F1-model_v3.cif	100.0	disordered	89.046	36.507	95.907	6.31	21.553	3.415
RELA	Q04206	551.0	436-550	1-194	F-Q04206-F1-model_v3.cif	100.0	disordered	73.457	45.093	91.018	22.327	30.714	6.677
SYK	P43405	635.0	93-167,245-370	371-631	F-P43405-F1-model_v3.cif	0.0	structured	84.33	69.913	90.846	15.663	14.377	4.437
	P00579	613.0	2-80	379-449,458-534	F-P00579-F1-model_v3.cif	100.0	disordered	83.749	68.24	92.676	9.726	26.668	5.262
SOS1	Q07889	1333.0	1-198	198-565	F-Q07889-F1-model_v3.cif	18.687	structured	76.874	77.514	87.084	8.17	17.747	6.7
ALK	Q9UM73	1620.0	1279-1288,1158-1173	1116-1157,1174-1278,1289-1392	F-Q9UM73-F1-model_v3.cif	0.0	structured	67.276	60.495	88.261	9.417	13.632	5.752
NOS1	P29475	1434.0	834-875	760-940	F-P29475-F1-model_v3.cif	0.0	structured	80.829	47.667	78.467	14.336	18.23	7.539
ABL1	P00519	1130.0	67-113,127-217	242-493	F-P00519-F1-model_v3.cif	0.0	structured	63.122	94.655	92.377	4.683	7.658	4.113
FGFR1	P11362	822.0	120-149	158-246,478-767	F-P11362-F1-model_v3.cif	100.0	disordered	76.044	42.876	87.425	13.919	26.817	14.354
PTPN11	Q06124	593.0	3-104	247-517	F-Q06124-F1-model_v3.cif	0.0	structured	86.222	92.152	94.117	2.894	6.718	3.725
SRC	P12931	536.0	249-269,151-248	84-145,524-536	F-P12931-F1-model_v3.cif	0.0	structured	84.513	93.641	87.59	4.907	6.859	10.316
PMAIP1	P00782	382.0	1-77	112-381	F-P00782-F1-model_v3.cif	29.87	structured	90.54	66.553	98.173	17.189	27.072	2.141
PLK1	P53350	603.0	367-603	53-305	F-P53350-F1-model_v3.cif	7.173	structured	85.17	86.97	95.382	6.191	11.559	2.999
MAP2K1	Q02750	393.0	75-102	68-74,103-361	F-Q02750-F1-model_v3.cif	25.0	structured	83.712	92.404	87.825	2.927	4.739	5.426
LCK	P06239	509.0	127-244,341-408	61-121,499-509	F-P06239-F1-model_v3.cif	0.0	structured	84.333	88.12	87.071	8.637	10.849	10.45
KDR	P35968	1356.0	790-833	834-1162	F-P35968-F1-model_v3.cif	0.0	structured	72.179	56.182	74.494	15.217	21.475	11.057
NTRK1	P04629	796.0	287-384	510-781	F-P04629-F1-model_v3.cif	0.0	structured	78.953	86.112	87.334	7.684	27.553	5.276
TMEM173	Q86WV6	379.0	340-379	153-339	F-Q86WV6-F1-model_v3.cif	100.0	disordered	83.953	44.736	89.939	16.289	23.91	4.829
FYN	P06241	537.0	149-246,247-270	82-143,525-537	F-P06241-F1-model_v3.cif	0.0	structured	81.671	90.085	86.292	7.778	10.129	10.573
FGFR2	P21802	821.0	125-144	154-247,481-770	F-P21802-F1-model_v3.cif	0.0	structured	74.058	41.653	86.427	10.615	27.199	16.295
NOS3	P29474	1203.0	580-635	520-703	F-P29474-F1-model_v3.cif	0.0	structured	82.934	56.319	76.614	10.857	12.979	7.384
TBP	P20226	339.0	1-55	165-241,255-332	F-P20226-F1-model_v3.cif	100.0	disordered	78.475	49.777	96.359	18.492	30.692	3.506
PCSK9	Q8NBP7	692.0	31-60	155-461	F-Q8NBP7-F1-model_v3.cif	10.0	structured	84.857	38.41	89.307	14.389	29.895	5.279
INSR	P06213	1382.0	980-1017	1023-1298	F-P06213-F1-model_v3.cif	0.0	structured	78.487	44.681	83.435	14.992	23.862	6.566
NEIL1	Q96FI4	390.0	244-245	220-280	F-Q96FI4-F1-model_v3.cif	0.0	structured	80.902	66.748	90.014	0.5	11.377	4.619
PDE4B	Q07343	736.0	166-281	330-649	F-Q07343-F1-model_v3.cif	53.448	disordered	70.838	78.097	96.635	12.229	16.562	2.707
PAK4	O96013	591.0	1-130	321-572	F-O96013-F1-model_v3.cif	100.0	disordered	70.754	53.235	95.134	23.026	28.931	2.974
PDE5A	O76074	875.0	403-539	156-331	F-O76074-F1-model_v3.cif	0.0	structured	83.168	84.209	86.37	8.575	18.877	5.774
ERBB2	P04626	1255.0	676-684	720-987	F-P04626-F1-model_v3.cif	0.0	structured	74.909	68.362	84.472	2.086	28.678	6.537
HSPA8	P11142	646.0	263-287	225-262	F-P11142-F1-model_v3.cif	0.0	structured	89.176	97.499	95.415	1.402	1.96	1.677
DLG4	P31016	724.0	428-498	534-709	F-P31016-F1-model_v3.cif	0.0	structured	78.837	84.257	94.292	4.719	8.995	2.973
HCK	P08631	526.0	142-239,240-259	76-136,425-514	F-P08631-F1-model_v3.cif	0.0	structured	84.197	93.607	94.518	5.067	7.308	5.698
SIRT2	Q8IXJ6	389.0	320-352	65-319	F-Q8IXJ6-F1-model_v3.cif	66.667	disordered	82.864	97.88	92.04	1.32	3.029	4.895
EP300	Q09472	2414.0	1520-1581	1287-1663	F-Q09472-F1-model_v3.cif	91.935	disordered	54.699	46.944	86.606	15.812	21.954	8.223
MDM4	O15151	490.0	190-210	26-106	F-O15151-F1-model_v3.cif	4.762	structured	60.908	48.025	93.053	11.175	20.163	2.698
VCL	P18206	1134.0	878-890	896-1066	F-P18206-F1-model_v3.cif	100.0	disordered	87.119	57.444	74.697	7.544	19.85	14.95
ITK	Q08881	620.0	4-111	363-615	F-Q08881-F1-model_v3.cif	2.778	structured	85.048	87.788	88.149	4.288	29.744	4.86
PTK2	Q05397	1052.0	35-355	422-680	F-Q05397-F1-model_v3.cif	0.0	structured	75.09	92.065	87.622	4.532	16.915	5.041
AKT1	P31749	480.0	5-108	150-408	F-P31749-F1-model_v3.cif	0.0	structured	82.948	82.404	90.925	5.031	22.521	4.579
PTK2	Q00944	1053.0	35-362	422-680	F-Q00944-F1-model_v3.cif	0.0	structured	74.869	91.53	86.712	4.587	16.875	5.282
RET	P07949	1114.0	900-909	724-899,910-1016	F-P07949-F1-model_v3.cif	0.0	structured	79.442	37.542	84.984	6.31	22.376	6.974
MELK	Q14680	651.0	602-651	11-263	F-Q14680-F1-model_v3.cif	0.0	structured	70.644	84.671	90.978	4.232	13.965	4.062
CSNK1D	P48730	415.0	317-342	9-277	F-P48730-F1-model_v3.cif	100.0	disordered	82.097	46.546	96.716	11.957	30.413	2.863
CBL	P22681	906.0	353-380	381-435	F-P22681-F1-model_v3.cif	0.0	structured	64.674	76.474	87.641	7.392	10.371	3.862
FGFR4	P22455	802.0	120-145	150-240,467-755	F-P22455-F1-model_v3.cif	0.0	structured	74.61	44.544	85.366	12.623	27.351	16.597
MAPRE1	Q15691	268.0	249-268	14-116	F-Q15691-F1-model_v3.cif	100.0	disordered	81.819	54.057	96.647	11.202	30.437	1.734
PAK1	Q13153	545.0	83-149	270-521	F-Q13153-F1-model_v3.cif	98.507	disordered	73.654	70.456	93.647	10.316	14.934	3.547
IGF1R	P08069	1367.0	930-960	999-1274	F-P08069-F1-model_v3.cif	0.0	structured	78.503	65.476	82.842	7.623	28.999	6.692
RAF1	P04049	648.0	51-186	349-609	F-P04049-F1-model_v3.cif	0.0	structured	68.684	80.446	88.425	12.492	22.645	5.522
SMYD3	Q9H7B4	428.0	280-428	4-240	F-Q9H7B4-F1-model_v3.cif	0.0	structured	97.346	97.213	97.651	2.434	3.684	2.491
KIT	P10721	976.0	544-583	589-937	F-P10721-F1-model_v3.cif	0.0	structured	78.836	65.205	76.124	12.712	19.729	12.12
DDX58	O95786	925.0	794-925	1-87,92-172	F-O95786-F1-model_v3.cif	7.576	structured	84.527	84.077	89.571	4.797	28.01	4.11
MAPKAPK2	P49137	400.0	328-364	64-325	F-P49137-F1-model_v3.cif	5.405	structured	83.674	87.526	87.446	3.632	6.45	7.233
CCNT1	O60563	726.0	1-249,402-701	250-262	F-O60563-F1-model_v3.cif	62.842	disordered	60.306	65.029	62.328	22.545	19.052	2.692
SETD2	Q9BYW2	2564.0	2353-2382	2383-2430	F-Q9BYW2-F1-model_v3.cif	100.0	disordered	43.691	34.111	71.904	12.101	24.168	7.631
MAPK8IP1	Q9UQF2	711.0	495-544	0-0	F-Q9UQF2-F1-model_v3.cif	0.0	structured	53.423	92.116		1.864	28.68	0.0
NSD3	Q9BZ95	1437.0	1145-1258	1258-1273	F-Q9BZ95-F1-model_v3.cif	0.0	structured	62.281	92.811	73.337	2.923	4.931	6.109
MAP3K5	Q99683	1374.0	1-648	680-938	F-Q99683-F1-model_v3.cif	10.957	structured	74.359	78.27	87.169	17.082	26.06	5.01
ABL1	P00520	1123.0	1-60,61-121,127-217,218-241,383-400	242-493	F-P00520-F1-model_v3.cif	24.409	structured	64.962	80.05	92.227	13.528	12.064	4.096
NOTCH1	P46531	2555.0	1571-1734	0-0	F-P46531-F1-model_v3.cif	0.0	structured	57.498	63.291		13.091	28.53	0.0
FLNB	O75369	2602.0	2091-2185	2188-2280	F-O75369-F1-model_v3.cif	0.0	structured	76.917	74.412	78.46	8.374	19.293	4.386
CAMKK2	Q96RR4	588.0	472-477	165-446	F-Q96RR4-F1-model_v3.cif	0.0	structured	68.054	47.27	90.417	3.222	24.35	5.72
BIRC2	Q13490	618.0	453-543	571-606	F-Q13490-F1-model_v3.cif	0.0	structured	77.836	94.252	90.163	2.847	9.313	1.982
FLNA	P21333	2647.0	2142-2235	2236-2325	F-P21333-F1-model_v3.cif	0.0	structured	77.384	74.642	75.499	5.375	9.384	3.481
CSF1R	P07333	972.0	542-574	582-910	F-P07333-F1-model_v3.cif	0.0	structured	78.371	45.114	74.406	13.453	22.395	11.196
PRKAR1A	P00514	380.0	1-101	137-380	F-P00514-F1-model_v3.cif	100.0	disordered	88.474	74.867	93.376	14.843	26.616	5.607
MLKL	Q8NB16	471.0	133-150	1-124	F-Q8NB16-F1-model_v3.cif	0.0	structured	83.87	83.937	80.512	1.966	6.244	6.529
ETS1	P14921	441.0	280-330	335-415	F-P14921-F1-model_v3.cif	0.0	structured	65.447	61.679	96.875	15.158	19.33	1.948
PRKAA1	P54645	559.0	313-335	27-279	F-P54645-F1-model_v3.cif	0.0	structured	79.976	77.246	92.036	2.86	23.936	3.444
SLC9A3R1	O14745	358.0	242-328	14-94,154-234	F-O14745-F1-model_v3.cif	100.0	disordered	72.475	67.964	86.149	15.84	25.702	15.44
RPS6KB1	P23443	525.0	424-525	91-352	F-P23443-F1-model_v3.cif	100.0	disordered	71.684	35.185	92.603	22.887	28.452	3.867
GGA1	Q9UJY5	639.0	358-362	17-147	F-Q9UJY5-F1-model_v3.cif	100.0	disordered	74.137	49.139	91.286	1.76	30.76	3.584
PGR	P06401	933.0	375-397	1-164,456-564	F-P06401-F1-model_v3.cif	95.652	disordered	57.707	35.468	35.318	9.854	29.509	25.997
SARM1	Q6SZW1	724.0	560-703,382-385,375-399,281-331	244-269,134-173,162-197,402-476,412-484	F-Q6SZW1-F1-model_v3.cif	5.909	structured	86.662	89.2	95.954	10.862	10.622	4.462
PRKG1	Q13976	671.0	50-75	360-619	F-Q13976-F1-model_v3.cif	100.0	disordered	86.774	56.13	93.36	11.945	16.638	2.965
PDCD6IP	Q8WUM4	868.0	709-745	3-392	F-Q8WUM4-F1-model_v3.cif	100.0	disordered	84.039	54.565	93.672	14.613	29.079	5.131
PANX1	Q96RD7	426.0	412-426	1-287	F-Q96RD7-F1-model_v3.cif	100.0	disordered	74.82	39.253	81.324	6.98	30.52	12.022
RPS6KA1	Q15418	735.0	687-706	62-321,418-675	F-Q15418-F1-model_v3.cif	100.0	disordered	77.463	79.669	85.396	2.88	14.025	11.592
PPP5C	P53041	499.0	28-129,487-499	184-486	F-P53041-F1-model_v3.cif	36.522	structured	92.95	91.853	97.339	6.28	10.327	1.991
DNMT3A	Q9Y6K1	912.0	476-626	634-912	F-Q9Y6K1-F1-model_v3.cif	0.0	structured	74.247	91.199	94.925	4.038	7.211	3.519
	Q9EZJ8	438.0	1-73	249-438	F-Q9EZJ8-F1-model_v3.cif	100.0	disordered	81.107	38.14	93.856	21.33	28.951	7.613
IRF3	Q14653	427.0	380-427	98-240	F-Q14653-F1-model_v3.cif	37.5	structured	81.215	83.913	63.795	7.845	20.681	22.367
PARP2	Q9UGN5	583.0	231-348	356-538	F-Q9UGN5-F1-model_v3.cif	0.0	structured	82.723	90.685	96.418	3.885	5.721	2.776
PPP3CA	Q08209	521.0	467-491	1-348	F-Q08209-F1-model_v3.cif	100.0	disordered	86.353	77.509	95.374	7.118	10.288	3.496
MAP4K1	Q92918	833.0	474-687	17-274	F-Q92918-F1-model_v3.cif	5.607	structured	69.288	77.855	82.79	9.303	23.09	6.087
AKT2	P31751	481.0	5-108,410-481	152-409	F-P31751-F1-model_v3.cif	35.795	structured	82.572	77.755	91.838	17.483	18.155	4.681
TP63	Q9H3D4	680.0	610-680	394-443	F-Q9H3D4-F1-model_v3.cif	70.423	disordered	63.545	44.383	83.644	20.541	29.18	6.463
TEK	Q02763	1124.0	770-807,832-836,982-1008,1110-1124	924-1096	F-Q02763-F1-model_v3.cif	7.059	structured	84.58	53.25	88.936	17.286	17.604	4.517
MINDY1	Q8N5J2	469.0	130-138	388-426	F-Q8N5J2-F1-model_v3.cif	0.0	structured	73.45	87.051	74.71	3.58	28.117	9.508
VCL	P12003	1135.0	878-890	891-1135	F-P12003-F1-model_v3.cif	100.0	disordered	86.353	58.173	75.805	7.538	19.627	13.976
NSF	P18708	744.0	203-222	0-0	F-P18708-F1-model_v3.cif	0.0	structured	85.779	61.148		8.865	25.1	0.0
ZAP70	P43403	619.0	126-155,256-337	338-600	F-P43403-F1-model_v3.cif	0.0	structured	85.747	69.502	89.306	11.977	11.117	4.964
SDCBP	O00560	298.0	1-113,276-298	114-273	F-O00560-F1-model_v3.cif	4.412	structured	82.688	67.082	95.811	18.926	16.735	4.291
NFKB1	P19838	968.0	434-968	42-367	F-P19838-F1-model_v3.cif	13.458	structured	74.5	71.494	90.997	20.492	29.566	8.525
DNMT1	P26358	1616.0	647-714	1140-1602	F-P26358-F1-model_v3.cif	47.059	structured	77.775	75.68	93.04	7.561	17.825	5.296
CEBPB	P17676	345.0	64-170	271-334	F-P17676-F1-model_v3.cif	100.0	disordered	60.611	51.424	97.316	23.805	30.009	3.83
BID	P55957	195.0	21-51	60-195	F-P55957-F1-model_v3.cif	96.774	disordered	62.453	60.173	65.107	9.005	15.829	12.439
KPNA4	O00629	521.0	2-57	137-229,306-394	F-O00629-F1-model_v3.cif	100.0	disordered	85.684	51.225	96.596	17.364	24.038	3.0
	Q9X1X0	385.0	359-385	0-0	F-Q9X1X0-F1-model_v3.cif	100.0	disordered	88.209	80.675		3.327	27.308	0.0
OTULIN	Q96BN8	352.0	330-340	129-341	F-Q96BN8-F1-model_v3.cif	0.0	structured	84.63	94.875	96.08	1.19	3.067	2.911
PTPN6	P29350	595.0	1-105	244-515	F-P29350-F1-model_v3.cif	0.0	structured	86.412	87.048	95.988	4.129	13.428	3.089
NEDD4	P46934	1319.0	1-140	984-1318	F-P46934-F1-model_v3.cif	64.286	disordered	53.968	32.978	82.217	21.494	29.894	10.514
DDX3X	O00571	662.0	132-181	211-575	F-O00571-F1-model_v3.cif	86.0	disordered	73.266	80.222	88.866	7.564	12.746	8.521
DCLK1	O15075	740.0	647-740	390-646	F-O15075-F1-model_v3.cif	81.915	disordered	71.108	57.581	92.159	19.122	18.948	3.847
TRAF6	Q9Y4K3	522.0	346-522	1-273	F-Q9Y4K3-F1-model_v3.cif	9.04	structured	86.192	89.217	84.61	7.257	28.336	14.739
TNK2	Q07912	1038.0	803-880	126-385	F-Q07912-F1-model_v3.cif	100.0	disordered	62.869	48.055	90.292	16.536	28.768	4.549
PRKAA2	P54646	552.0	291-376	16-268	F-P54646-F1-model_v3.cif	0.0	structured	78.569	69.41	91.2	14.555	24.47	3.62
ITCH	Q96J02	903.0	5-99	569-903	F-Q96J02-F1-model_v3.cif	61.053	disordered	76.258	85.034	87.695	5.802	28.624	7.404
FLT1	P17948	1338.0	1159-1338	827-1158	F-P17948-F1-model_v3.cif	30.0	structured	72.926	31.853	73.841	23.783	27.796	12.066
ACTN2	P35609	894.0	259-307	753-824	F-P35609-F1-model_v3.cif	0.0	structured	85.035	89.917	79.94	5.236	28.764	5.525
BAIAP2	Q9UQB8	552.0	1-178	238-292	F-Q9UQB8-F1-model_v3.cif	36.517	structured	73.191	95.627	58.089	4.999	20.201	17.763
CRK	Q64010	304.0	132-192	235-296	F-Q64010-F1-model_v3.cif	100.0	disordered	71.003	80.045	76.704	4.69	24.449	5.85
SEC22B	O08547	215.0	1-130	134-194	F-O08547-F1-model_v3.cif	20.769	structured	83.689	88.52	72.534	3.898	12.89	15.811
HMGB1	P09429	215.0	186-215	76-95	F-P09429-F1-model_v3.cif	100.0	disordered	76.09	35.83	71.304	12.955	28.097	8.658
PRKAA1	Q13131	559.0	313-392	27-279	F-Q13131-F1-model_v3.cif	0.0	structured	79.932	69.66	92.381	14.864	23.178	3.408
CYTH2	Q99418	400.0	387-395	72-201	F-Q99418-F1-model_v3.cif	100.0	disordered	84.782	68.19	92.862	3.284	13.995	2.41
PREX1	Q8TCU6	1659.0	409-499	49-240,271-392	F-Q8TCU6-F1-model_v3.cif	0.0	structured	79.576	81.741	89.73	4.52	26.009	11.0
DNMT1	P13864	1620.0	649-695	1142-1601	F-P13864-F1-model_v3.cif	0.0	structured	77.03	77.137	92.413	4.417	19.126	5.651
KPNA2	P52292	529.0	2-58	142-238,315-403	F-P52292-F1-model_v3.cif	100.0	disordered	86.107	46.294	97.124	18.73	23.573	2.598
MINDY2	Q8NBR6	621.0	259-267	507-559	F-Q8NBR6-F1-model_v3.cif	0.0	structured	64.29	86.677	67.243	3.284	26.438	12.288
MYLK	P11799	1906.0	1716-1728	1453-1708	F-P11799-F1-model_v3.cif	0.0	structured	65.105	77.353	84.557	2.349	6.479	5.013
STK3	Q13188	491.0	279-435	27-278	F-Q13188-F1-model_v3.cif	84.713	disordered	76.976	52.762	89.962	23.126	24.203	5.094
RPS6KA3	P51812	740.0	694-711	68-327,422-679	F-P51812-F1-model_v3.cif	0.0	structured	77.466	72.905	85.999	3.003	15.442	12.048
ETV6	P41212	452.0	410-452	339-409	F-P41212-F1-model_v3.cif	74.419	disordered	62.528	76.304	91.299	8.935	9.943	2.109
ERBB4	Q15303	1308.0	676-684	718-935	F-Q15303-F1-model_v3.cif	0.0	structured	73.092	64.619	84.975	2.012	26.922	6.178
EIF4G1	Q04637	1599.0	607-618	682-1085	F-Q04637-F1-model_v3.cif	100.0	disordered	56.855	68.418	66.991	3.417	28.869	19.538
CRK	P46108	304.0	239-294	132-192	F-P46108-F1-model_v3.cif	100.0	disordered	70.715	77.853	80.174	5.057	25.942	4.716
ARIH1	Q9Y4X5	557.0	408-557	339-392	F-Q9Y4X5-F1-model_v3.cif	24.0	structured	81.637	93.359	92.479	3.309	4.286	2.771
CBS	P35520	551.0	414-551	40-413	F-P35520-F1-model_v3.cif	5.797	structured	90.196	89.05	95.299	4.952	21.717	3.747
DIAPH1	O08808	1255.0	131-378	1180-1199	F-O08808-F1-model_v3.cif	0.0	structured	75.306	89.998	74.891	4.693	6.25	5.09
ETS1	P27577	440.0	304-310,416-441	335-415	F-P27577-F1-model_v3.cif	36.364	structured	65.902	85.983	96.787	6.227	9.371	1.952
	P0AES4	875.0	838-875	1-450	F-P0AES4-F1-model_v3.cif	100.0	disordered	87.317	41.369	93.227	14.421	30.165	6.629
	P53686	357.0	300-320	1-280	F-P53686-F1-model_v3.cif	100.0	disordered	85.841	72.952	92.427	6.51	16.924	5.289
MAVS	Q7Z434	540.0	141-200,251-300	401-450	F-Q7Z434-F1-model_v3.cif	100.0	disordered	56.631	42.377	45.445	24.432	29.717	18.393
PRKCI	P41743	596.0	123-140	254-522	F-P41743-F1-model_v3.cif	0.0	structured	82.482	73.84	92.345	5.91	27.258	4.294
PTEN	P60484	403.0	350-400	14-185,258-268,321-324	F-P60484-F1-model_v3.cif	100.0	disordered	83.972	37.655	94.763	18.903	27.502	4.695
VAV1	P15498	845.0	131-178	194-373	F-P15498-F1-model_v3.cif	0.0	structured	87.145	70.782	94.278	11.846	17.607	2.856
PDGFRA	P16234	1089.0	550-587	593-954	F-P16234-F1-model_v3.cif	0.0	structured	73.425	69.767	74.316	9.035	16.221	12.885
NFKB2	Q00653	900.0	455-900	38-343	F-Q00653-F1-model_v3.cif	43.946	structured	76.081	77.097	88.645	17.163	29.373	9.292
NCK2	O43639	380.0	60-109	111-170	F-O43639-F1-model_v3.cif	50.0	disordered	72.879	36.845	76.806	17.723	27.329	4.508
NCF1	P14598	390.0	226-390	4-125	F-P14598-F1-model_v3.cif	73.939	disordered	83.566	81.124	89.637	15.144	26.198	3.462
DGCR8	Q8WYQ5	773.0	276-498	511-578,620-685	F-Q8WYQ5-F1-model_v3.cif	100.0	disordered	64.225	73.331	89.224	18.055	26.784	10.862
DAPK2	Q9UIK4	370.0	292-301	23-285	F-Q9UIK4-F1-model_v3.cif	0.0	structured	85.933	94.829	95.558	1.4	4.655	3.221
ARHGEF11	O15085	1522.0	672-730	734-1079	F-O15085-F1-model_v3.cif	64.407	disordered	60.969	50.321	92.566	17.185	22.715	6.319
ARHGAP1	Q07960	439.0	1-48,169-197	244-431	F-Q07960-F1-model_v3.cif	62.338	disordered	82.98	58.809	93.524	15.638	28.387	2.921
CLIP1	P30622	1438.0	1417-1434	232-274	F-P30622-F1-model_v3.cif	100.0	disordered	72.298	83.199	94.678	2.858	30.154	2.221
CYTH3	O08967	399.0	251-265,383-395	77-206	F-O08967-F1-model_v3.cif	46.429	structured	85.817	67.029	94.21	9.404	13.497	2.317
PLCG1	P10686	1290.0	780-795	668-765	F-P10686-F1-model_v3.cif	0.0	structured	83.776	40.843	89.193	9.227	24.186	2.962
VTA1	Q06263	330.0	183-266	281-290	F-Q06263-F1-model_v3.cif	100.0	disordered	71.841	31.489	75.186	22.433	29.832	2.56
RPS6KA3	P18654	740.0	697-712	328-679	F-P18654-F1-model_v3.cif	0.0	structured	77.076	71.058	79.117	3.012	12.461	12.714
	Q7CWV1	442.0	1-106	107-442	F-Q7CWV1-F1-model_v3.cif	34.906	structured	88.593	74.161	93.328	8.572	26.148	5.243
USP14	P54578	494.0	329-351,429-433	105-483	F-P54578-F1-model_v3.cif	17.857	structured	82.282	85.158	85.664	4.509	9.734	9.031
PTK6	Q13882	451.0	75-174,447-451	191-445	F-Q13882-F1-model_v3.cif	4.762	structured	89.167	88.789	91.115	12.734	23.624	4.479
PKN1	Q16512	942.0	455-511	615-874	F-Q16512-F1-model_v3.cif	0.0	structured	72.879	57.211	92.028	15.838	27.929	3.256
PDGFRB	P09619	1106.0	525-567	600-962	F-P09619-F1-model_v3.cif	0.0	structured	73.511	65.682	74.614	10.369	23.971	12.689
NTRK2	Q16620	822.0	298-377	538-807	F-Q16620-F1-model_v3.cif	0.0	structured	77.869	91.871	87.489	3.316	26.244	5.633
NLRP1	Q9C000	1473.0	809-973	328-637	F-Q9C000-F1-model_v3.cif	0.0	structured	70.116	91.618	85.131	3.343	12.756	6.705
FLT3	P36888	993.0	565-604	610-943	F-P36888-F1-model_v3.cif	0.0	structured	75.525	66.707	79.866	9.796	16.177	11.437
ERG	P11308	479.0	272-289,378-388	290-377	F-P11308-F1-model_v3.cif	62.069	disordered	60.221	62.696	86.862	15.253	15.13	5.401
APBA1	Q02410	837.0	626-641	453-622	F-Q02410-F1-model_v3.cif	0.0	structured	58.662	56.818	77.495	6.543	22.708	9.477
MDM4	Q7ZUW7	496.0	275-295	22-105	F-Q7ZUW7-F1-model_v3.cif	100.0	disordered	61.516	44.975	93.423	10.447	30.787	2.67
	P06782	633.0	316-398	55-306	F-P06782-F1-model_v3.cif	92.771	disordered	70.109	68.229	83.171	11.477	18.043	5.0
EPHB1	P54762	984.0	593-618	619-882	F-P54762-F1-model_v3.cif	0.0	structured	83.796	78.55	88.033	3.373	7.414	5.957
STING1	Q3TBT3	378.0	339-378	152-339	F-Q3TBT3-F1-model_v3.cif	77.5	disordered	84.584	41.176	93.41	16.971	28.159	3.852
KIF1A	Q12756		429-472,622-681	352-361,516-572	F-Q12756-F1-model_v3.cif	16.346	structured	71.018	65.761	84.124	16.944	21.598	15.307
STK4	Q13043	487.0	282-431	30-281	F-Q13043-F1-model_v3.cif	86.0	disordered	76.282	49.866	90.058	23.037	24.382	5.202
SMURF2	Q9HAU4	748.0	10-140	414-748	F-Q9HAU4-F1-model_v3.cif	2.29	structured	78.001	86.588	87.636	5.005	28.477	11.13
NEK7	Q8TDX7	302.0	182-199	34-181,200-299	F-Q8TDX7-F1-model_v3.cif	0.0	structured	87.612	50.393	92.778	7.336	15.085	4.067
ACAP1	Q15027	740.0	525-568	405-524	F-Q15027-F1-model_v3.cif	0.0	structured	85.463	36.848	93.435	15.82	26.778	3.064
SH3KBP1	Q96B97	665.0	337-346	267-328	F-Q96B97-F1-model_v3.cif	100.0	disordered	62.907	44.905	91.753	5.08	26.263	3.344
	O74536	576.0	298-351	34-285	F-O74536-F1-model_v3.cif	0.0	structured	71.513	73.791	85.832	5.286	18.021	4.583
EPHB2	P54763	986.0	595-621	621-884	F-P54763-F1-model_v3.cif	0.0	structured	83.771	81.682	86.601	3.827	7.97	6.043
EIF2AK4	P15442	1659.0	1498-1659	599-981	F-P15442-F1-model_v3.cif	4.938	structured	74.417	67.587	64.91	13.888	29.706	16.783
PLCG1	P08487	1291.0	757-790	668-756	F-P08487-F1-model_v3.cif	0.0	structured	83.384	47.965	88.946	14.022	20.209	2.569
PLXNA2	P70207	1894.0	1261-1341,1471-1672	1324-1450,1651-1872	F-P70207-F1-model_v3.cif	0.0	structured	84.893	70.898	85.873	14.693	16.361	7.509
PRKCA	P05696	672.0	19-36	339-597	F-P05696-F1-model_v3.cif	44.444	structured	86.981	66.501	94.819	10.071	29.259	3.244
WNK3	Q9BYP7	1800.0	440-463	147-405	F-Q9BYP7-F1-model_v3.cif	0.0	structured	48.557	88.246	87.692	3.55	16.922	5.622
USP8	P40818	1118.0	645-684	777-1109	F-P40818-F1-model_v3.cif	97.5	disordered	71.725	74.257	93.922	5.314	30.575	4.582
WWP1	Q9H0M0	922.0	349-527	588-922	F-Q9H0M0-F1-model_v3.cif	50.838	disordered	76.738	83.43	90.823	15.893	16.445	6.16
	Q95PM0	450.0	96-113	126-342	F-Q95PM0-F1-model_v3.cif	0.0	structured	89.336	91.08	96.474	2.105	4.44	2.535
WWP2	O00308	870.0	20-100	536-870	F-O00308-F1-model_v3.cif	38.272	structured	78.126	84.715	91.038	5.396	26.011	5.917
WAS	P42768	502.0	238-251	430-447	F-P42768-F1-model_v3.cif	100.0	disordered	70.13	66.472	63.937	7.577	29.389	6.086
TP53BP2	Q13625	1128.0	693-901	925-1128	F-Q13625-F1-model_v3.cif	99.522	disordered	61.684	42.984	93.686	24.986	29.961	3.978
PAK5	Q9NQU5	681.0	60-180	407-658	F-Q9NQU5-F1-model_v3.cif	100.0	disordered	67.075	39.723	95.559	22.603	28.348	2.968
MICAL1	Q8TDZ2	1067.0	755-1067	1-450	F-Q8TDZ2-F1-model_v3.cif	100.0	disordered	75.827	59.145	93.018	20.229	29.336	4.934
GSDMD	P57764	484.0	280-484	1-275	F-P57764-F1-model_v3.cif	2.927	structured	78.681	84.589	74.895	5.824	13.594	14.213
GGA3	Q9NZ52	723.0	391-395	16-146	F-Q9NZ52-F1-model_v3.cif	100.0	disordered	71.052	47.128	93.455	1.88	30.464	2.953
DLC1	Q96QB1	1528.0	1-76	655-801	F-Q96QB1-F1-model_v3.cif	100.0	disordered	56.129	35.35	34.215	18.404	28.959	22.142
CRKL	P46109	303.0	129-175	14-102	F-P46109-F1-model_v3.cif	0.0	structured	70.109	79.775	83.251	4.569	26.182	4.382
CAMK2D	Q13557	499.0	283-292	14-272	F-Q13557-F1-model_v3.cif	0.0	structured	84.292	92.148	94.7	1.13	4.283	3.328
AIM2	O14862	343.0	29-68	138-337	F-O14862-F1-model_v3.cif	0.0	structured	84.144	90.585	90.783	2.718	24.028	5.315
MRE11	Q58719	366.0	290-330	1-289	F-Q58719-F1-model_v3.cif	0.0	structured	93.173	75.913	96.555	13.368	20.092	3.023
STIM1	Q13586	685.0	63-98,238-343	132-200,344-444	F-Q13586-F1-model_v3.cif	0.0	structured	68.797	81.861	87.901	18.181	19.733	15.905
VAV1	P27870	845.0	1-119,120-193,402-504,782-842	194-373	F-P27870-F1-model_v3.cif	0.56	structured	86.78	87.834	94.531	17.519	18.35	2.864
WNK1	Q9JIH7	2126.0	514-537	221-479	F-Q9JIH7-F1-model_v3.cif	0.0	structured	46.15	89.792	87.38	3.616	16.23	5.716
ERCC6	Q03468	1493.0	91-101	102-695	F-Q03468-F1-model_v3.cif	100.0	disordered	63.02	67.581	67.231	3.529	27.371	22.378
FGFR3	P22607	806.0	127-149	151-244,472-761	F-P22607-F1-model_v3.cif	0.0	structured	75.37	46.736	85.43	12.316	25.975	16.495
FKBP8	Q14318	412.0	1-32	120-204	F-Q14318-F1-model_v3.cif	100.0	disordered	80.959	50.373	94.988	13.143	30.588	2.338
ADAMTS13	Q76LX8	1427.0	1072-1298	80-685	F-Q76LX8-F1-model_v3.cif	0.0	structured	75.706	69.079	89.384	19.607	29.973	12.423
ARID4A	P29374	1257.0	273-310	309-401,568-635,1-121	F-P29374-F1-model_v3.cif	100.0	disordered	56.395	48.92	87.616	14.99	26.88	20.286
	P54623	1320.0	1-77	104-174	F-P54623-F1-model_v3.cif	100.0	disordered	69.649	55.124	79.845	17.678	27.981	11.034
CHD1L	Q86WJ1	897.0	704-897	351-513	F-Q86WJ1-F1-model_v3.cif	33.505	structured	73.054	74.535	79.851	11.183	25.989	7.372
	Q8RT31	374.0	201-354	1-190	F-Q8RT31-F1-model_v3.cif	16.883	structured	94.218	95.617	97.382	2.986	4.753	2.539
TRIB1	Q96RU8	372.0	355-360	1-338	F-Q96RU8-F1-model_v3.cif	66.667	disordered	77.947	51.981	80.376	2.389	28.301	13.925
PLCB3	Q01970	1234.0	469-589	318-468,590-706	F-Q01970-F1-model_v3.cif	100.0	disordered	83.63	43.775	96.634	21.132	25.926	3.068
NLRP3	Q96P20	1036.0	740-991	220-536	F-Q96P20-F1-model_v3.cif	0.0	structured	81.742	95.636	83.223	3.411	17.158	9.735
MSN	P26038	577.0	467-577	4-297	F-P26038-F1-model_v3.cif	100.0	disordered	86.78	77.534	95.083	11.775	10.667	3.462
MAPKAPK3	Q16644		307-343	44-304	F-Q16644-F1-model_v3.cif	45.946	structured	83.226	88.507	87.375	3.673	6.272	7.198
CAMK1D	Q8IU85	385.0	279-319	23-278	F-Q8IU85-F1-model_v3.cif	0.0	structured	77.178	73.273	88.318	10.385	13.371	5.86
ATF2	P15336	505.0	349-415	1-243	F-P15336-F1-model_v3.cif	100.0	disordered	58.757	96.966	53.89	4.12	25.587	25.938
ASAP1	Q9ULH1	1129.0	1-325	326-560	F-Q9ULH1-F1-model_v3.cif	20.615	structured	72.16	84.722	89.948	12.185	26.561	14.4
	Q3KK31	648.0	170-390	399-648	F-Q3KK31-F1-model_v3.cif	0.0	structured	88.606	88.713	91.785	6.711	7.64	4.38
LYN	P07948	512.0	129-226,227-246	63-123,502-512	F-P07948-F1-model_v3.cif	0.0	structured	83.727	91.465	86.56	6.429	9.555	10.758
MAP2K6	P52564	334.0	251-277	53-314	F-P52564-F1-model_v3.cif	0.0	structured	82.116	89.011	87.288	3.215	6.996	6.976
MICAL1	Q8VDP3	1048.0	761-1048	1-489	F-Q8VDP3-F1-model_v3.cif	99.653	disordered	76.547	60.548	93.141	20.408	23.01	4.88
PLCG1	P19174	1290.0	757-790	668-756	F-P19174-F1-model_v3.cif	0.0	structured	83.342	48.238	89.318	13.883	20.153	2.58
ROR2	Q01974	943.0	555-556	473-746	F-Q01974-F1-model_v3.cif	0.0	structured	69.397	82.09	87.679	0.5	11.918	6.627
	O62305	720.0	273-317	12-269	F-O62305-F1-model_v3.cif	0.0	structured	66.023	70.452	93.48	8.374	11.149	3.635
	A0A0R4I961	279.0	155-279	3-147	F-A0A0R4I961-F1-model_v3.cif	0.0	structured	97.231	97.675	96.861	2.348	5.398	2.657
IQGAP1	P46940	1657.0	1276-1657	956-1274	F-P46940-F1-model_v3.cif	10.995	structured	78.735	72.656	83.254	18.8	19.75	8.282
LYN	P25911	512.0	129-226,227-246	63-123,502-512	F-P25911-F1-model_v3.cif	0.0	structured	83.08	91.31	86.33	6.201	9.08	10.422
PLXNA1	P70206	1894.0	51-491,1266-1346,1472-1672	1348-1472,1673-1894	F-P70206-F1-model_v3.cif	0.0	structured	85.117	82.57	87.949	19.962	20.766	6.269
STING1	B8XX90	378.0	339-378	153-339	F-B8XX90-F1-model_v3.cif	97.5	disordered	84.691	42.497	92.279	15.937	22.821	4.226
WNK1	Q9H4A3	2382.0	488-555	221-479	F-Q9H4A3-F1-model_v3.cif	22.059	structured	44.375	89.584	87.616	3.802	15.905	5.76
TRERF1	P60240		1-110	147-416,441-659	F-P60240-F1-model_v3.cif	0.0	structured	87.89	82.784	88.264	5.069	27.504	9.089
	Q2U1F3		1-79	150-350	F-Q2U1F3-F1-model_v3.cif	0.0	structured	92.447	71.453	97.952	15.005	15.314	2.181
ATR	P38111		2309-2317	2241-2263	F-P38111-F1-model_v3.cif	0.0	structured	84.242	72.904	86.377	4.086	9.802	3.087
PTPN2	P17706	415.0	353-387	5-275	F-P17706-F1-model_v3.cif	68.571	disordered	86.093	78.803	96.54	4.018	28.902	2.912
PRKD2	Q9BZL6	878.0	397-509	551-807	F-Q9BZL6-F1-model_v3.cif	0.0	structured	69.57	83.146	83.883	6.707	19.547	5.809
PRKCA	P17252	672.0	19-37	339-597	F-P17252-F1-model_v3.cif	68.421	disordered	86.719	68.966	94.588	9.792	29.164	3.268
PKN2	Q16513	984.0	455-511	657-916	F-Q16513-F1-model_v3.cif	0.0	structured	71.355	62.888	92.223	15.859	28.433	3.567
PACSIN2	Q9UNF0	486.0	344-486	11-282	F-Q9UNF0-F1-model_v3.cif	100.0	disordered	82.485	63.116	96.917	20.708	30.101	4.917
PACSIN1	Q9BY11	444.0	385-444	13-283	F-Q9BY11-F1-model_v3.cif	100.0	disordered	85.394	90.649	96.408	2.745	29.152	5.152
MEIS2	O14770	477.0	150-193	276-338	F-O14770-F1-model_v3.cif	0.0	structured	63.258	82.68	89.479	9.172	20.986	4.221
MAP3K11	Q16584	847.0	43-103	117-379	F-Q16584-F1-model_v3.cif	65.574	disordered	63.696	85.896	88.229	3.572	19.638	5.608
IRF4	Q15306	451.0	401-451	21-129	F-Q15306-F1-model_v3.cif	35.294	structured	72.94	59.319	93.175	17.416	29.582	3.91
EPHB2	P29323	1055.0	588-623	624-884	F-P29323-F1-model_v3.cif	0.0	structured	80.121	75.125	86.264	6.649	10.035	6.07
CHMP3	Q9Y3E7	222.0	151-222	1-113	F-Q9Y3E7-F1-model_v3.cif	100.0	disordered	81.925	64.012	92.045	20.088	24.374	5.228
CAMK1	Q14012	370.0	286-300	20-276	F-Q14012-F1-model_v3.cif	0.0	structured	79.378	87.523	88.413	3.542	8.314	5.706
ARHGEF4	Q9NR80	690.0	129-179	284-468	F-Q9NR80-F1-model_v3.cif	0.0	structured	71.031	32.141	94.518	17.512	28.418	3.163
ANP32A	P39687	249.0	121-163	1-120	F-P39687-F1-model_v3.cif	100.0	disordered	79.799	90.147	96.439	5.756	6.412	2.361
ARHGEF12	Q9NZN5	1544.0	721-764	765-782	F-Q9NZN5-F1-model_v3.cif	100.0	disordered	60.988	34.472	80.725	16.057	25.369	3.481
ELK4	P28324	431.0	136-214	5-85	F-P28324-F1-model_v3.cif	100.0	disordered	59.925	59.033	96.456	20.453	26.317	2.164
KPNA1	P52294	538.0	1-57	149-241,318-406	F-P52294-F1-model_v3.cif	100.0	disordered	86.228	51.582	96.339	17.983	23.078	2.766
PLK1	Q07832	603.0	402-603	53-305	F-Q07832-F1-model_v3.cif	8.416	structured	85.445	87.621	95.348	4.899	13.195	3.088
PRKN	Q9JK66	465.0	141-225,378-410	226-377,410-465	F-Q9JK66-F1-model_v3.cif	0.0	structured	78.921	82.319	88.135	12.149	13.156	9.159
	P32917	917.0	367-517	593-786	F-P32917-F1-model_v3.cif	0.0	structured	58.969	82.527	86.074	7.59	13.501	6.802
TLN1	Q9Y490	2541.0	1654-2344	86-403	F-Q9Y490-F1-model_v3.cif	4.052	structured	75.912	79.911	76.694	18.661	28.2	11.495
DLG1	P31007	970.0	481-681	780-955	F-P31007-F1-model_v3.cif	0.0	structured	72.821	77.979	94.551	16.491	22.767	3.054
ETV6	P97360	485.0	426-435	335-416	F-P97360-F1-model_v3.cif	100.0	disordered	61.059	77.165	92.249	2.24	9.221	2.35
GSDMD	Q9D8T2	487.0	279-469	1-273	F-Q9D8T2-F1-model_v3.cif	0.0	structured	76.802	84.289	71.586	5.805	14.24	15.333
	Q8VSC3	545.0	57-228	251-545	F-Q8VSC3-F1-model_v3.cif	0.0	structured	86.576	93.42	86.003	3.257	11.731	7.552
NLRC4	Q3UP24	1024.0	356-463,578-1020	95-298	F-Q3UP24-F1-model_v3.cif	0.0	structured	83.004	84.238	84.866	14.004	19.872	4.951
PTPN11	P35235	593.0	1-103	247-521	F-P35235-F1-model_v3.cif	0.0	structured	86.248	91.56	94.203	3.066	7.052	3.681
SEC22B	O75396	215.0	1-130	134-194	F-O75396-F1-model_v3.cif	20.769	structured	83.857	88.391	73.158	4.142	12.802	16.068
STING1	E1C7U0	379.0	345-379	158-345	F-E1C7U0-F1-model_v3.cif	100.0	disordered	84.481	44.934	92.779	15.512	26.785	3.994
ARRB1	P49407	418.0	357-418	1-110	F-P49407-F1-model_v3.cif	100.0	disordered	82.461	52.49	85.657	20.211	23.286	8.157
HCN1	O60741	890.0	401-479	480-604	F-O60741-F1-model_v3.cif	0.0	structured	70.564	92.652	92.984	3.648	4.918	3.313
	Q9RFD6	297.0	1-29	120-175	F-Q9RFD6-F1-model_v3.cif	100.0	disordered	89.545	53.868	85.973	15.202	22.86	3.612
VPS4A	Q9UN37	437.0	2-116	117-437	F-Q9UN37-F1-model_v3.cif	93.043	disordered	86.345	75.374	90.566	14.093	27.893	6.759
RPS6KA5	O75582	802.0	702-723	49-318,426-687	F-O75582-F1-model_v3.cif	0.0	structured	70.745	49.574	80.165	4.293	19.273	18.063
PRKAR1A	P10644	381.0	1-98	137-381	F-P10644-F1-model_v3.cif	100.0	disordered	85.869	75.7	89.058	14.456	27.682	8.369
PPP3CB	P16298	524.0	417-423,474-496	22-357	F-P16298-F1-model_v3.cif	63.333	disordered	85.85	78.706	97.039	12.768	16.874	2.637
PLK4	O97143	769.0	318-380	14-267	F-O97143-F1-model_v3.cif	0.0	structured	73.875	31.861	88.306	17.453	30.055	4.76
PACSIN1	Q61644	441.0	426-496	10-280	F-Q61644-F1-model_v3.cif	21.127	structured	86.322	93.346	96.566	2.173	29.284	5.163
OTUD7B	Q6GQQ9	843.0	187-193	194-365	F-Q6GQQ9-F1-model_v3.cif	0.0	structured	67.426	89.873	90.551	1.796	5.806	5.724
NLRC4	Q9NPP4	1024.0	464-579	95-298	F-Q9NPP4-F1-model_v3.cif	0.0	structured	85.159	80.55	86.592	8.015	12.619	4.409
MST1R	Q04912	1400.0	1346-1400	1082-1345	F-Q04912-F1-model_v3.cif	70.909	disordered	80.278	39.566	84.4	17.737	26.037	6.469
MEFV	O15553	781.0	1-92	580-775	F-O15553-F1-model_v3.cif	100.0	disordered	73.274	87.095	94.071	3.707	29.025	3.736
MAP3K8	P41279	467.0	395-467	138-388	F-P41279-F1-model_v3.cif	82.192	disordered	74.451	40.006	92.524	19.095	28.609	4.171
MAP2K4	P45985	399.0	109-136	102-108,137-367	F-P45985-F1-model_v3.cif	0.0	structured	79.034	90.115	89.955	2.904	4.196	4.132
GSK3B	Q9WV60	420.0	1-34	56-340	F-Q9WV60-F1-model_v3.cif	100.0	disordered	88.942	51.466	95.887	14.617	20.962	3.4
GSDMB	Q8TAX9	411.0	248-411	1-247	F-Q8TAX9-F1-model_v3.cif	33.537	structured	71.724	81.37	65.588	7.06	14.038	14.06
GRK5	P34947	590.0	563-590	186-448	F-P34947-F1-model_v3.cif	100.0	disordered	90.799	39.406	96.098	10.653	30.689	2.915
GABPA	Q00422	454.0	401-430	320-400	F-Q00422-F1-model_v3.cif	0.0	structured	69.054	85.637	93.886	3.096	4.565	2.28
FHOD1	Q9Y613	1164.0	1053-1133	53-458	F-Q9Y613-F1-model_v3.cif	100.0	disordered	70.476	47.218	75.755	19.462	24.588	16.201
FARP2	Q91VS8	1065.0	728-745,755-1026	536-727	F-Q91VS8-F1-model_v3.cif	1.379	structured	76.267	84.367	94.083	6.04	6.52	3.829
ETV4	P43268	484.0	321-340,433-474	341-421	F-P43268-F1-model_v3.cif	67.742	disordered	56.319	48.189	96.441	21.662	25.807	2.137
DNMT1	Q24K09	1611.0	696-730	1136-1595	F-Q24K09-F1-model_v3.cif	97.143	disordered	77.153	78.221	92.412	9.348	16.402	5.514
CYTH3	O43739	400.0	252-264,380-400	77-206	F-O43739-F1-model_v3.cif	61.765	disordered	85.598	66.069	94.111	9.782	14.071	2.289
CRK	Q04929	305.0	225-297	133-193	F-Q04929-F1-model_v3.cif	100.0	disordered	70.559	71.022	79.195	8.35	25.621	5.146
CAMK1	Q63450	374.0	285-316	20-276	F-Q63450-F1-model_v3.cif	0.0	structured	79.241	70.702	88.46	10.756	15.519	6.028
PLEKHM2	Q8IWE5	1019.0	604-1019	1-603	F-Q8IWE5-F1-model_v3.cif	2.644	structured	64.104	82.587	51.201	14.51	27.147	25.563
	Q8NQJ3	143.0	1-40	68-117	F-Q8NQJ3-F1-model_v3.cif	100.0	disordered	78.419	49.101	91.783	18.126	27.956	3.333
	P41832	1953.0	1792-1826	174-696	F-P41832-F1-model_v3.cif	100.0	disordered	61.642	52.927	70.546	10.274	29.403	19.516
	P08638	886.0	604-741	857-886	F-P08638-F1-model_v3.cif	46.377	structured	70.945	64.355	72.102	18.449	17.49	7.44
MAPRE1	Q61166	268.0	185-255	14-116	F-Q61166-F1-model_v3.cif	100.0	disordered	81.894	85.431	96.634	7.963	27.423	1.699
MYLK2	P07313	608.0	549-577	297-552	F-P07313-F1-model_v3.cif	0.0	structured	68.026	87.1	92.611	3.586	6.086	4.107
PHKG1	P00518	387.0	303-327	343-367	F-P00518-F1-model_v3.cif	0.0	structured	86.282	77.774	72.121	3.842	20.323	7.557
PRKN	Q9WVS6	464.0	140-224,377-409	237-292,417-448	F-Q9WVS6-F1-model_v3.cif	0.0	structured	77.798	80.826	90.23	12.627	12.925	6.773
PTK2	P34152	1052.0	35-355	390-680	F-P34152-F1-model_v3.cif	0.0	structured	75.118	91.441	83.482	4.447	16.58	7.291
SH3KBP1	Q8R550	709.0	381-390	311-372	F-Q8R550-F1-model_v3.cif	100.0	disordered	60.883	44.868	91.263	5.12	26.389	3.383
	P0A0J0	368.0	16-90	135-205,303-356	F-P0A0J0-F1-model_v3.cif	100.0	disordered	83.269	65.74	91.634	13.045	27.235	8.691
WNK4	Q96J92	1243.0	466-489	174-432	F-Q96J92-F1-model_v3.cif	16.667	structured	58.889	77.219	88.03	6.111	23.488	5.9
	P07038	920.0	892-917	562-625	F-P07038-F1-model_v3.cif	100.0	disordered	77.453	59.654	80.115	5.553	24.499	5.15
APBB1IP	Q7Z5R6	666.0	30-70	170-220	F-Q7Z5R6-F1-model_v3.cif	100.0	disordered	73.44	76.887	92.474	8.344	11.011	3.894
STK38	Q15208	465.0	383-455	89-382	F-Q15208-F1-model_v3.cif	20.548	structured	85.16	74.777	89.551	12.363	13.554	5.309
RASGRP2	Q7LDG7	609.0	337-551	154-336	F-Q7LDG7-F1-model_v3.cif	0.0	structured	77.264	71.39	93.881	18.981	20.423	2.86
RASGRP1	O95267	797.0	468-609	205-436	F-O95267-F1-model_v3.cif	0.0	structured	71.541	77.952	90.8	12.269	17.913	3.925
PRKCG	P05129	697.0	18-36	351-614	F-P05129-F1-model_v3.cif	42.105	structured	83.332	68.554	91.745	9.255	27.905	3.841
PLCB2	Q00722	1185.0	466-537	312-463,546-662	F-Q00722-F1-model_v3.cif	98.611	disordered	84.806	47.552	97.191	19.426	24.393	2.862
PASK	Q96RG2	1323.0	183-200	999-1251	F-Q96RG2-F1-model_v3.cif	0.0	structured	54.092	46.181	91.626	8.66	28.702	3.71
NOTCH2	Q04721	2471.0	1425-1544	1545-1670	F-Q04721-F1-model_v3.cif	0.0	structured	59.729	73.664	72.42	10.849	11.963	8.741
MEIS1	O00470	390.0	148-191	272-334	F-O00470-F1-model_v3.cif	0.0	structured	66.076	79.717	89.669	9.235	20.517	4.086
MAP2K2	P36507	400.0	75-102	72-74,103-369	F-P36507-F1-model_v3.cif	17.857	structured	82.945	93.814	87.472	2.29	4.338	5.51
HIPK2	Q9H2X6	1198.0	984-1198	199-527	F-Q9H2X6-F1-model_v3.cif	16.744	structured	53.887	35.698	94.242	25.087	30.071	4.027
HEXIM1	O94992	359.0	210-250	150-177	F-O94992-F1-model_v3.cif	100.0	disordered	67.244	54.038	78.139	17.615	27.796	9.151
FLT4	P35916	1363.0	1174-1298	845-1173	F-P35916-F1-model_v3.cif	64.8	disordered	72.741	33.972	77.875	21.688	26.501	9.127
ETS2	P15036	469.0	325-359	363-443	F-P15036-F1-model_v3.cif	0.0	structured	63.472	66.704	96.715	8.382	13.707	1.924
ELK1	P19419	428.0	351-399	5-86	F-P19419-F1-model_v3.cif	100.0	disordered	60.49	52.557	95.862	18.425	30.57	2.729
DIAPH3	Q9NSV4	1193.0	16-361,1020-1060	540-1013	F-Q9NSV4-F1-model_v3.cif	44.703	structured	71.818	69.695	78.864	16.848	25.759	17.565
DAAM1	Q9Y4D1	1078.0	1027-1058	45-420	F-Q9Y4D1-F1-model_v3.cif	100.0	disordered	80.811	66.735	87.871	8.165	14.513	9.521
CYTH1	Q15438	398.0	388-396	73-202	F-Q15438-F1-model_v3.cif	100.0	disordered	85.137	68.934	92.269	4.086	17.354	2.56
CSNK1E	P49674	416.0	305-416	9-277	F-P49674-F1-model_v3.cif	100.0	disordered	81.001	42.441	96.189	22.406	28.241	3.028
COQ8A	Q8NI60	647.0	276-279	329-518	F-Q8NI60-F1-model_v3.cif	0.0	structured	70.825	74.977	89.22	0.875	8.263	4.761
CHMP6	Q96FZ7	201.0	168-201	1-145	F-Q96FZ7-F1-model_v3.cif	100.0	disordered	81.616	46.898	89.103	15.565	30.328	12.449
CHMP4A	Q9BY43	222.0	182-222	1-150	F-Q9BY43-F1-model_v3.cif	100.0	disordered	80.55	51.363	89.47	16.511	30.625	12.935
CARD11	Q9BXL7	1154.0	448-666	18-110	F-Q9BXL7-F1-model_v3.cif	88.584	disordered	72.049	33.834	86.969	25.074	30.019	3.503
CAMKK1	Q8N5S9	505.0	435-440	128-409	F-Q8N5S9-F1-model_v3.cif	0.0	structured	72.331	51.957	89.863	3.306	22.309	6.11
CAMK2G	Q13555	558.0	283-292	14-272	F-Q13555-F1-model_v3.cif	0.0	structured	79.162	91.094	94.599	1.13	4.277	3.329
ARIH2	O95376	493.0	359-493	297-326	F-O95376-F1-model_v3.cif	11.852	structured	85.914	92.514	91.587	3.145	4.638	2.102
ARHGAP45	Q92619	1136.0	281-356	757-971	F-Q92619-F1-model_v3.cif	0.0	structured	67.769	94.424	89.676	3.934	27.863	5.404
ESPL1	Q14674	2120.0	711-723,955-974,1393-1400	667-1706,1707-2120	F-Q14674-F1-model_v3.cif	19.512	structured	75.778	60.404	73.213	15.58	21.201	14.219
ANGPT1	B5XAZ0	145.0	116-120	1-115	F-B5XAZ0-F1-model_v3.cif	0.0	structured	91.488	98.189	92.468	0.8	3.13	5.386
	Q9M1V3	960.0	837-891	892-960	F-Q9M1V3-F1-model_v3.cif	0.0	structured	85.291	89.314	90.794	3.505	4.39	2.815
SH3GLB1	Q9Y371	365.0	299-365	1-269	F-Q9Y371-F1-model_v3.cif	0.0	structured	85.017	85.463	89.807	5.095	29.346	8.743
FOXM1	Q08050	763.0	1-189	350-763	F-Q08050-F1-model_v3.cif	100.0	disordered	51.076	52.59	41.775	23.632	29.63	27.677
	Q72L95	423.0	1-73	234-423	F-Q72L95-F1-model_v3.cif	100.0	disordered	82.61	36.116	94.029	21.081	28.919	7.532
SNORA8	Q9LF79	1074.0	43-54	433-464	F-Q9LF79-F1-model_v3.cif	100.0	disordered	79.165	71.513	80.484	3.799	19.99	3.26
APAF1	O88879	1249.0	1-90	107-285,362-451	F-O88879-F1-model_v3.cif	0.0	structured	85.661	88.196	87.084	3.367	20.817	6.335
	P28829	659.0	151-260	394-658	F-P28829-F1-model_v3.cif	0.0	structured	69.608	51.72	84.398	20.724	25.108	7.217
	P14633	404.0	26-100	185-404	F-P14633-F1-model_v3.cif	0.0	structured	90.694	90.882	93.398	3.592	7.877	3.96
	Q5Y4Y6	464.0	240-464	1-239	F-Q5Y4Y6-F1-model_v3.cif	0.0	structured	77.806	79.281	76.437	10.654	13.861	11.647
ITSN1	Q9Z0R4	1714.0	1151-1203	1230-1416	F-Q9Z0R4-F1-model_v3.cif	0.0	structured	72.981	84.022	94.124	2.512	23.459	2.96
JAK2	Q62120	1132.0	547-813	849-1124	F-Q62120-F1-model_v3.cif	0.0	structured	86.706	91.989	91.037	4.901	14.375	5.311
MYLK2	Q9H1R3	596.0	537-565	285-540	F-Q9H1R3-F1-model_v3.cif	0.0	structured	68.79	88.962	93.019	3.757	6.351	3.682
PPP5C	P53042	499.0	28-129	495-499,200-494	F-P53042-F1-model_v3.cif	59.804	disordered	93.148	95.391	95.992	2.184	6.865	7.804
ROCK2	Q62868	1388.0	971-1047,1150-1349	93-354	F-Q62868-F1-model_v3.cif	42.96	structured	77.127	74.203	94.042	18.893	29.31	3.849
	P77994	399.0	1-99	352-379	F-P77994-F1-model_v3.cif	100.0	disordered	81.886	66.448	92.489	15.919	29.366	2.291
	D0ZVG2	700.0	217-381	404-700	F-D0ZVG2-F1-model_v3.cif	0.0	structured	80.674	91.802	82.592	4.245	18.285	10.354
DNAJC2	P32527	433.0	348-364	365-433	F-P32527-F1-model_v3.cif	94.118	disordered	87.634	87.854	89.447	2.28	4.111	3.352
AIM2	Q91VJ1	354.0	1-113	144-341	F-Q91VJ1-F1-model_v3.cif	31.858	structured	81.86	82.451	89.094	9.062	27.793	5.827
RIGI	Q6Q899	926.0	794-925	1-172	F-Q6Q899-F1-model_v3.cif	3.788	structured	83.618	83.682	89.059	5.131	27.017	4.108
HIPK3	Q9H422	1215.0	984-1196	197-525	F-Q9H422-F1-model_v3.cif	4.225	structured	52.634	33.305	94.116	24.457	29.996	4.103
	D2AJU0	545.0	57-228	251-545	F-D2AJU0-F1-model_v3.cif	0.0	structured	86.013	93.323	85.11	3.301	11.722	7.815
	Q8Y842	572.0	61-73	89-243	F-Q8Y842-F1-model_v3.cif	46.154	structured	87.987	83.305	94.28	3.154	7.081	2.823
	Q28156	865.0	336-493	154-304	F-Q28156-F1-model_v3.cif	0.0	structured	82.921	80.3	85.33	7.469	18.902	5.27
PLXND1	Q3UH93	1925.0	1294-1403,1527-1698	1404-1526,1699-1925	F-Q3UH93-F1-model_v3.cif	0.0	structured	79.824	72.688	86.191	13.988	16.3	6.48
	F1M391	379.0	340-379	153-339	F-F1M391-F1-model_v3.cif	100.0	disordered	84.143	42.692	91.714	17.072	25.521	4.167
SYK	P48025	629.0	107-166,259-364	365-625	F-P48025-F1-model_v3.cif	0.0	structured	85.478	67.377	91.385	14.258	14.166	4.454
UNC5B	Q8K1S3	945.0	543-686	689-838,865-943	F-Q8K1S3-F1-model_v3.cif	0.0	structured	77.59	90.165	88.053	5.172	8.364	8.834
WNK2	Q9Y3S1	2297.0	488-511	195-453	F-Q9Y3S1-F1-model_v3.cif	0.0	structured	44.176	86.21	87.544	4.365	15.921	5.883
STK38L	Q9Y2H1	464.0	384-453	90-383	F-Q9Y2H1-F1-model_v3.cif	54.286	disordered	85.516	78.581	89.233	11.201	12.742	5.97
RASGRP4	Q8TDF6	673.0	386-593	201-385	F-Q8TDF6-F1-model_v3.cif	2.885	structured	77.208	83.594	93.338	13.69	14.941	3.146
PRKD3	O94806	890.0	416-532	576-832	F-O94806-F1-model_v3.cif	0.0	structured	70.271	82.387	82.815	7.119	17.682	5.769
PRKCB	P05771	671.0	19-37	601-671	F-P05771-F1-model_v3.cif	100.0	disordered	86.54	68.144	81.847	9.452	28.637	8.499
PAK2	Q13177	524.0	83-110	249-499	F-Q13177-F1-model_v3.cif	100.0	disordered	75.003	81.574	93.359	3.453	11.953	3.51
NOXA1	Q86UR1	476.0	399-458	1-314	F-Q86UR1-F1-model_v3.cif	33.333	structured	72.798	84.995	72.523	3.537	27.569	18.397
MAP4K3	Q8IVH8	894.0	511-735	16-273	F-Q8IVH8-F1-model_v3.cif	8.0	structured	71.732	76.425	87.779	11.704	28.115	5.599
FMNL2	Q96PY5	1086.0	1040-1079	23-469	F-Q96PY5-F1-model_v3.cif	85.0	disordered	77.011	52.621	84.168	11.457	20.416	14.387
FMNL1	O95466	1100.0	1059-1090	27-468	F-O95466-F1-model_v3.cif	100.0	disordered	74.721	58.15	78.229	9.303	18.819	15.117
FARP1	Q9Y4F1	1045.0	759-1029	540-730	F-Q9Y4F1-F1-model_v3.cif	0.0	structured	77.769	83.644	93.36	9.609	9.915	3.967
EIF4G3	O43432	1585.0	619-630	699-1019	F-O43432-F1-model_v3.cif	100.0	disordered	56.527	69.178	75.694	3.16	29.507	14.933
DENND1B	Q6P3S1	775.0	423-775	14-395	F-Q6P3S1-F1-model_v3.cif	86.969	disordered	67.058	38.289	91.144	27.05	29.283	6.146
DENND1A	Q8TEH3	1009.0	500-600	13-378	F-Q8TEH3-F1-model_v3.cif	100.0	disordered	61.561	36.647	93.673	21.159	30.502	4.955
CAMK4	Q16566	473.0	305-321	46-300	F-Q16566-F1-model_v3.cif	0.0	structured	72.224	93.923	89.017	1.969	4.998	5.647
CAMK2B	Q13554	666.0	283-292	14-272	F-Q13554-F1-model_v3.cif	0.0	structured	72.341	90.757	94.714	1.13	4.288	3.28
CAMK1G	Q96NX5	476.0	277-317	23-276	F-Q96NX5-F1-model_v3.cif	0.0	structured	67.896	72.994	87.223	9.57	12.935	6.22
ARHGEF26	Q96DR7	871.0	376-391	439-623	F-Q96DR7-F1-model_v3.cif	100.0	disordered	63.293	58.161	91.57	5.316	18.949	3.286
ARHGEF25	Q86VW2	580.0	348-472	155-347	F-Q86VW2-F1-model_v3.cif	0.0	structured	69.867	86.535	94.023	6.583	11.467	3.515
AKT3	Q9Y243	479.0	17-147	148-405	F-Q9Y243-F1-model_v3.cif	0.0	structured	82.139	72.654	90.58	13.087	22.705	4.818
CDK5RAP2	Q96SN8	1893.0	1-77	97-160	F-Q96SN8-F1-model_v3.cif	59.74	disordered	60.169	47.078	86.207	18.468	26.994	7.745
KIF4A	O95239	1232.0	1115-1227	9-336	F-O95239-F1-model_v3.cif	100.0	disordered	72.171	34.126	87.09	20.567	29.415	6.281
MYO7A	Q13402	2215.0	1747-2205	65-741	F-Q13402-F1-model_v3.cif	0.654	structured	77.856	86.474	84.513	9.81	27.768	10.439
MERTK	Q24564	635.0	516-635	9-313	F-Q24564-F1-model_v3.cif	100.0	disordered	84.069	74.036	93.702	15.624	14.651	4.365
PREX2	Q70Z35	1606.0	1581-1606	23-361	F-Q70Z35-F1-model_v3.cif	100.0	disordered	79.35	70.321	87.748	7.87	28.766	11.843
PDS5B	Q9NTI5	1447.0	1385-1447	1-1384	F-Q9NTI5-F1-model_v3.cif	100.0	disordered	80.893	32.39	83.105	16.056	29.362	16.996
BABAM1	Q9NWV8	329.0	1-84	85-329	F-Q9NWV8-F1-model_v3.cif	100.0	disordered	79.132	37.608	92.149	22.735	28.822	6.062
PLXNA3	P70208	1872.0	1244-1324,1450-1650	1325-1449,1651-1872	F-P70208-F1-model_v3.cif	0.0	structured	84.288	69.474	86.884	14.224	16.021	6.2
YES1	P07947	543.0	158-255,256-276	91-152,500-543	F-P07947-F1-model_v3.cif	0.0	structured	83.111	92.337	89.684	5.596	7.422	7.517
	O81108	1014.0	1-50	51-1014	F-O81108-F1-model_v3.cif	30.0	structured	83.275	70.612	84.007	9.107	20.222	12.184
	P19456	948.0	863-885,904-919	1-850,946-948	F-P19456-F1-model_v3.cif	0.0	structured	82.128	65.021	85.155	12.159	26.655	17.274
ELF3	P78545	371.0	130-159	273-355	F-P78545-F1-model_v3.cif	20.0	structured	66.219	57.785	91.651	12.381	20.082	2.886
ELF5	Q9UKW6	265.0	1-42	173-254	F-Q9UKW6-F1-model_v3.cif	0.0	structured	71.826	43.894	93.778	17.151	30.459	2.225
FGR	P09769	529.0	144-241,242-262	77-138,490-529	F-P09769-F1-model_v3.cif	0.0	structured	83.308	92.497	89.34	5.532	7.402	7.708
FMNL3	Q6ZPF4	1028.0	968-1018	26-472	F-Q6ZPF4-F1-model_v3.cif	100.0	disordered	77.411	52.925	81.416	14.301	22.127	15.232
	Q83RJ4	571.0	58-260	279-571	F-Q83RJ4-F1-model_v3.cif	0.0	structured	85.729	91.543	85.662	4.391	15.245	8.309
IRF7	P70434	457.0	240-279	1-151,422-457	F-P70434-F1-model_v3.cif	0.0	structured	71.004	82.81	71.719	6.268	25.317	20.142
KPNA6	O60684	536.0	1-57	147-239,316-404	F-O60684-F1-model_v3.cif	100.0	disordered	85.935	45.357	97.124	19.019	23.554	2.812
NEK9	Q8K1R7	984.0	114-119	52-308	F-Q8K1R7-F1-model_v3.cif	0.0	structured	74.752	84.218	86.85	1.472	6.213	5.869
NOX5	Q96PH1	765.0	1-169	449-565	F-Q96PH1-F1-model_v3.cif	23.669	structured	80.631	71.976	74.74	13.467	22.347	11.298
PPP3CA	P63328	521.0	407-414,467-487	56-340	F-P63328-F1-model_v3.cif	72.414	disordered	85.576	79.627	97.649	8.732	12.754	2.13
	P0CE12	788.0	223-466	492-788	F-P0CE12-F1-model_v3.cif	0.0	structured	83.108	94.121	84.065	3.965	14.053	9.483
STIM2	Q9P246	746.0	67-102	136-204	F-Q9P246-F1-model_v3.cif	0.0	structured	66.267	86.71	87.874	3.144	5.434	3.078
	O08722	945.0	541-687	688-828,853-942	F-O08722-F1-model_v3.cif	0.0	structured	77.897	90.678	90.357	4.752	7.621	7.76
VAMP7	P51809	220.0	7-110	125-185	F-P51809-F1-model_v3.cif	0.0	structured	84.701	93.369	73.011	2.313	8.017	14.786
YKT6	Q5EGY4	198.0	8-131	138-198	F-Q5EGY4-F1-model_v3.cif	0.0	structured	90.695	95.454	81.006	2.778	5.926	9.338
ARHGEF9	O43307	516.0	8-67	103-287	F-O43307-F1-model_v3.cif	0.0	structured	81.295	82.61	95.23	4.036	22.126	2.646
CAMK2D	Q6PHZ2	499.0	283-292	14-272	F-Q6PHZ2-F1-model_v3.cif	0.0	structured	84.389	92.399	94.738	1.09	4.031	3.25
CCNT1	Q9XT26	727.0	335-727	1-334	F-Q9XT26-F1-model_v3.cif	100.0	disordered	61.44	43.84	81.406	27.259	29.874	12.838
CLIP1	Q922J3	1391.0	1370-1387	231-273	F-Q922J3-F1-model_v3.cif	100.0	disordered	73.516	80.033	93.22	2.688	30.278	2.169
DLG2	Q63622	852.0	193-279,421-501	662-837	F-Q63622-F1-model_v3.cif	0.0	structured	70.888	89.198	92.603	15.872	28.552	3.075
	Q54KF1	1158.0	1134-1158	20-388	F-Q54KF1-F1-model_v3.cif	100.0	disordered	66.384	45.713	80.759	7.182	30.012	13.774
	P37582	135.0	85-110	1-84	F-P37582-F1-model_v3.cif	100.0	disordered	79.906	60.56	93.367	11.639	27.307	3.639
GRK5	P43249	590.0	563-590	186-448	F-P43249-F1-model_v3.cif	100.0	disordered	90.959	40.616	96.273	10.786	30.679	2.885
	P0AES5	875.0	838-875	1-450	F-P0AES5-F1-model_v3.cif	100.0	disordered	87.368	42.148	93.487	14.27	30.455	6.5
IGF1R	Q60751	1373.0	931-962	1000-1276	F-Q60751-F1-model_v3.cif	0.0	structured	78.309	66.016	81.912	7.928	29.181	6.99
IRF3	P70671	419.0	373-419	98-247	F-P70671-F1-model_v3.cif	0.0	structured	80.953	76.995	65.288	8.513	20.966	21.678
IRF4	Q64287	450.0	400-450	21-129	F-Q64287-F1-model_v3.cif	27.451	structured	71.651	61.496	91.388	17.228	29.822	3.722
IRF7	Q92985	503.0	283-466	1-151,468-503	F-Q92985-F1-model_v3.cif	0.0	structured	70.211	88.017	72.905	5.563	20.176	20.592
KPNA5	O15131	539.0	1-60	150-242,319-407	F-O15131-F1-model_v3.cif	100.0	disordered	86.28	49.226	96.941	19.25	23.666	2.856
MSN	P26041	577.0	467-577	2-295	F-P26041-F1-model_v3.cif	100.0	disordered	86.209	81.65	96.127	12.146	10.906	3.531
NLRP3	Q8R4B8	1033.0	741-990	216-532	F-Q8R4B8-F1-model_v3.cif	0.0	structured	80.871	96.227	82.16	3.343	16.25	8.862
NSF	P46459	744.0	200-219	244-495	F-P46459-F1-model_v3.cif	0.0	structured	85.874	60.412	84.173	9.702	18.007	7.985
OTUD7A	Q8TE49	926.0	202-209	210-374	F-Q8TE49-F1-model_v3.cif	0.0	structured	65.677	90.997	88.516	1.578	5.102	6.238
PACSIN2	Q9WVE8	486.0	426-486	11-282	F-Q9WVE8-F1-model_v3.cif	98.361	disordered	82.267	91.79	96.884	2.885	29.291	4.99
PACSIN2	O13154	448.0	11-282	388-448	F-O13154-F1-model_v3.cif	63.603	disordered	84.987	96.572	90.055	5.111	26.765	3.031
PAK1	P35465	544.0	70-149	269-520	F-P35465-F1-model_v3.cif	100.0	disordered	74.369	71.46	93.848	12.514	16.737	3.47
PAK2	Q64303	524.0	69-146	249-500	F-Q64303-F1-model_v3.cif	98.718	disordered	74.591	70.911	92.558	12.241	16.911	3.719
PAK3	Q61036	559.0	65-161	283-534	F-Q61036-F1-model_v3.cif	100.0	disordered	72.693	61.747	93.699	14.728	18.898	3.408
PAK5	Q9P286	719.0	60-180	449-700	F-Q9P286-F1-model_v3.cif	98.347	disordered	63.195	37.172	95.305	23.05	28.252	3.076
	P14280	546.0	1-219	220-557	F-P14280-F1-model_v3.cif	0.913	structured	89.233	79.389	95.921	14.3	13.052	2.861
PPP3CA	P63329	521.0	407-414,465-487	56-340	F-P63329-F1-model_v3.cif	74.194	disordered	85.992	80.379	97.418	8.908	12.954	2.15
PRKAA1	Q5EG47	559.0	313-335	27-279	F-Q5EG47-F1-model_v3.cif	0.0	structured	79.936	78.084	92.317	2.667	24.812	3.394
PRKG1	P00516	671.0	50-75	360-619	F-P00516-F1-model_v3.cif	100.0	disordered	86.896	60.293	92.71	12.141	16.763	2.982
ERCC6	P40352	1085.0	12-65	309-518	F-P40352-F1-model_v3.cif	100.0	disordered	68.81	61.665	78.978	9.424	29.273	9.046
RAF1	P11345	648.0	51-186	349-609	F-P11345-F1-model_v3.cif	0.0	structured	68.952	80.568	88.618	12.84	23.235	5.475
TLN2	Q9Y4G6	2542.0	1656-2345	88-406	F-Q9Y4G6-F1-model_v3.cif	4.058	structured	75.843	79.721	72.637	13.018	20.776	12.531
