	uniprot	region_1	region_2	af_filename	number_interface_residues	interface_residues	num_interface_hydro	percent_interface_hydro	num_im_hydro	percent_im_hydro	num_fd_hydro	percent_fd_hydro	num_domains_hydro	percent_domains_hydro	num_protein_hydro	percent_protein_hydro	protein_length	num_im_helix	num_im_sheet	percent_im_helix	percent_im_sheet	num_fd_helix	num_fd_sheet	percent_fd_helix	percent_fd_sheet	num_protein_helix	num_protein_sheet	num_interface_charged	percent_interface_charged	num_im_charged	percent_im_charged	num_fd_charged	percent_fd_charged	num_domains_charged	percent_domains_charged	num_protein_charged	percent_protein_charged
0	D9N168	3-169	336-543	AF-D9N168-F1-model_v4.cif	9.0	{102, 103, 104, 105, 106, 472, 473, 475, 508}	3	0.333	97	0.581	98	0.471	195	0.52	289	0.499	579	81	29	0.485	0.174	137	29	0.659	0.139	328	79	4	0.444	53	0.317	66	0.317	119	0.317	177	0.306
1	Q72AS4	52-205	237-315	AF-Q72AS4-F1-model_v4.cif	37.0	{279, 280, 281, 154, 284, 285, 158, 286, 160, 161, 287, 163, 164, 288, 165, 302, 303, 304, 305, 307, 308, 309, 58, 61, 190, 191, 63, 193, 194, 189, 196, 197, 198, 199, 192, 195, 237}	20	0.541	92	0.597	37	0.468	129	0.554	180	0.568	317	70	32	0.455	0.208	20	6	0.253	0.076	146	47	8	0.216	34	0.221	20	0.253	54	0.232	72	0.227
2	Q7CRA4	113-301	425-657	AF-Q7CRA4-F1-model_v4.cif	0.0	0	0	0.0	97	0.513	111	0.476	208	0.493	379	0.462	821	114	15	0.603	0.079	85	42	0.365	0.18	391	111	0	0.0	44	0.233	41	0.176	85	0.201	179	0.218
3	P14677	632-691	692-750	AF-P14677-F1-model_v4.cif	26.0	{661, 663, 664, 665, 666, 671, 672, 673, 685, 687, 688, 689, 690, 691, 692, 693, 697, 701, 702, 703, 706, 707, 709, 710, 713, 714}	15	0.577	29	0.483	26	0.441	55	0.462	354	0.472	750	16	17	0.267	0.283	15	21	0.254	0.356	273	189	2	0.077	13	0.217	18	0.305	31	0.261	170	0.227
4	P00582	1-323	324-517	AF-P00582-F1-model_v4.cif	18.0	{320, 321, 322, 323, 324, 325, 454, 453, 319, 463, 465, 466, 467, 468, 309, 310, 507, 511}	8	0.444	178	0.551	99	0.51	277	0.536	478	0.515	928	171	29	0.529	0.09	97	31	0.5	0.16	522	109	6	0.333	77	0.238	56	0.289	133	0.257	256	0.276
5	A0A0H2WY27	56-288	317-382	AF-A0A0H2WY27-F1-model_v4.cif	31.0	{278, 279, 169, 170, 56, 57, 58, 59, 60, 61, 317, 62, 64, 206, 209, 210, 340, 213, 341, 342, 214, 365, 367, 368, 369, 370, 371, 373, 374, 375, 377}	14	0.452	101	0.433	26	0.394	127	0.425	197	0.457	431	90	50	0.386	0.215	0	36	0.0	0.545	165	95	7	0.226	49	0.21	25	0.379	74	0.247	97	0.225
6	P77933	524-665	1132-1265	AF-P77933-F1-model_v4.cif	0.0	0	0	0.0	64	0.451	67	0.5	131	0.475	774	0.463	1671	63	40	0.444	0.282	67	31	0.5	0.231	591	451	0	0.0	47	0.331	37	0.276	84	0.304	556	0.333
7	Q8GN86	9-366	416-492	AF-Q8GN86-F1-model_v4.cif	15.0	{322, 419, 162, 489, 490, 492, 92, 85, 87, 88, 89, 282, 284, 285, 286}	6	0.4	216	0.603	40	0.519	256	0.589	289	0.573	504	128	91	0.358	0.254	19	26	0.247	0.338	174	142	6	0.4	79	0.221	20	0.26	99	0.228	114	0.226
8	Q51504	58-206	247-546	AF-Q51504-F1-model_v4.cif	46.0	{384, 258, 260, 262, 263, 264, 265, 154, 267, 268, 269, 270, 271, 266, 273, 280, 281, 282, 283, 153, 155, 158, 159, 160, 156, 162, 163, 164, 166, 167, 168, 169, 170, 176, 177, 178, 180, 437, 438, 182, 181, 436, 68, 152, 382, 383}	24	0.522	82	0.55	167	0.557	249	0.555	326	0.563	579	52	47	0.349	0.315	109	73	0.363	0.243	245	135	11	0.239	46	0.309	56	0.187	102	0.227	131	0.226
9	O16025	374-490	491-1066	AF-O16025-F1-model_v4.cif	55.0	{512, 385, 386, 387, 384, 773, 778, 779, 780, 781, 783, 784, 399, 787, 539, 540, 544, 545, 546, 549, 437, 438, 440, 452, 454, 459, 472, 1016, 474, 475, 476, 477, 478, 480, 483, 484, 486, 488, 489, 490, 491, 492, 508, 498, 882, 500, 501, 1014, 1015, 504, 505, 1018, 1019, 1020, 1017}	22	0.4	57	0.487	273	0.474	330	0.476	503	0.472	1066	1	64	0.009	0.547	306	36	0.531	0.062	450	176	22	0.4	33	0.282	164	0.285	197	0.284	316	0.296
10	A0A140DJY3	32-394	445-522	AF-A0A140DJY3-F1-model_v4.cif	24.0	{281, 282, 285, 445, 449, 196, 197, 198, 467, 468, 469, 109, 110, 111, 112, 113, 114, 499, 500, 501, 502, 503, 504, 498}	12	0.5	215	0.592	45	0.577	260	0.59	311	0.572	544	139	86	0.383	0.237	25	26	0.321	0.333	204	137	9	0.375	91	0.251	22	0.282	113	0.256	150	0.276
11	F2Z7K9	71-220	263-557	AF-F2Z7K9-F1-model_v4.cif	44.0	{395, 396, 397, 274, 276, 278, 279, 280, 281, 282, 283, 284, 285, 286, 287, 289, 166, 167, 296, 297, 169, 299, 172, 173, 298, 170, 176, 177, 178, 174, 180, 181, 182, 190, 191, 192, 449, 450, 195, 196, 194, 451, 168, 81}	22	0.5	79	0.527	159	0.539	238	0.535	306	0.526	582	55	47	0.367	0.313	107	73	0.363	0.247	228	132	12	0.273	48	0.32	67	0.227	115	0.258	146	0.251
12	G0WVH3	10-368	425-500	AF-G0WVH3-F1-model_v4.cif	26.0	{278, 155, 156, 157, 158, 159, 160, 161, 162, 425, 428, 429, 449, 199, 88, 89, 90, 91, 92, 475, 477, 478, 479, 481, 482, 476}	10	0.385	178	0.496	39	0.513	217	0.499	270	0.494	547	144	86	0.401	0.24	19	24	0.25	0.316	197	139	7	0.269	67	0.187	17	0.224	84	0.193	118	0.216
13	Q95VR4	11-110	146-325	AF-Q95VR4-F1-model_v4.cif	0.0	0	0	0.0	47	0.47	80	0.444	127	0.454	151	0.443	341	53	22	0.53	0.22	84	29	0.467	0.161	155	54	0	0.0	29	0.29	49	0.272	78	0.279	93	0.273
14	E1K248	67-210	229-311	AF-E1K248-F1-model_v4.cif	36.0	{275, 276, 280, 281, 282, 283, 284, 163, 167, 169, 298, 170, 299, 301, 173, 303, 304, 305, 300, 172, 302, 174, 193, 194, 195, 196, 197, 198, 199, 200, 201, 202, 203, 76, 78, 229}	17	0.472	84	0.583	40	0.482	124	0.546	174	0.554	314	67	26	0.465	0.181	24	6	0.289	0.072	135	41	6	0.167	27	0.188	19	0.229	46	0.203	70	0.223
15	A0A0A0V031	11-372	422-496	AF-A0A0A0V031-F1-model_v4.cif	24.0	{261, 422, 425, 173, 175, 176, 178, 445, 446, 90, 85, 87, 472, 473, 88, 91, 92, 89, 474, 475, 476, 477, 478, 479}	11	0.458	206	0.569	40	0.533	246	0.563	288	0.552	522	134	77	0.37	0.213	15	26	0.2	0.347	177	127	7	0.292	90	0.249	21	0.28	111	0.254	135	0.259
16	P59676	632-691	692-750	AF-P59676-F1-model_v4.cif	26.0	{661, 663, 664, 665, 666, 671, 672, 673, 685, 687, 688, 689, 690, 691, 692, 693, 697, 701, 702, 703, 706, 707, 709, 710, 713, 714}	15	0.577	29	0.483	26	0.441	55	0.462	355	0.473	750	16	17	0.267	0.283	15	21	0.254	0.356	274	189	2	0.077	13	0.217	18	0.305	31	0.261	170	0.227
17	A0A0F7R6G7	27-384	443-519	AF-A0A0F7R6G7-F1-model_v4.cif	26.0	{271, 275, 177, 178, 179, 180, 181, 183, 443, 446, 466, 467, 468, 219, 220, 108, 109, 110, 111, 496, 497, 498, 495, 500, 501, 494}	11	0.423	212	0.592	51	0.662	263	0.605	315	0.591	533	125	92	0.349	0.257	20	27	0.26	0.351	170	146	7	0.269	87	0.243	18	0.234	105	0.241	135	0.253
18	Q7WU28	4-298	367-576	AF-Q7WU28-F1-model_v4.cif	47.0	{515, 389, 525, 527, 529, 530, 531, 532, 533, 534, 535, 536, 541, 420, 421, 423, 424, 85, 435, 436, 437, 566, 439, 565, 569, 564, 66, 69, 472, 74, 76, 469, 86, 87, 470, 88, 90, 91, 92, 93, 94, 95, 89, 96, 476, 478, 477}	18	0.383	143	0.485	75	0.357	218	0.432	257	0.439	585	182	23	0.617	0.078	83	52	0.395	0.248	302	89	12	0.255	69	0.234	58	0.276	127	0.251	143	0.244
19	O68880	38-167	220-351	AF-O68880-F1-model_v4.cif	55.0	{257, 258, 259, 260, 261, 262, 263, 264, 265, 266, 267, 268, 269, 142, 140, 270, 145, 146, 147, 282, 288, 289, 290, 291, 292, 293, 294, 295, 298, 321, 322, 326, 327, 328, 75, 76, 77, 78, 79, 81, 82, 83, 84, 85, 86, 87, 88, 110, 111, 112, 113, 114, 115, 117, 118}	30	0.545	76	0.585	73	0.553	149	0.569	200	0.565	354	33	59	0.254	0.454	35	57	0.265	0.432	125	117	16	0.291	33	0.254	38	0.288	71	0.271	100	0.282
20	P47736	1-17	181-397	AF-P47736-F1-model_v4.cif	0.0	0	0	0.0	6	0.353	109	0.502	115	0.491	305	0.46	663	11	0	0.647	0.0	83	54	0.382	0.249	170	96	0	0.0	6	0.353	58	0.267	64	0.274	178	0.268
21	A0A3B6UEQ0	22-167	187-264	AF-A0A3B6UEQ0-F1-model_v4.cif	27.0	{258, 259, 260, 261, 150, 151, 152, 153, 154, 155, 156, 157, 159, 160, 31, 34, 32, 33, 187, 234, 238, 239, 240, 241, 242, 119, 123}	9	0.333	84	0.575	37	0.474	121	0.54	181	0.54	335	73	27	0.5	0.185	23	4	0.295	0.051	153	40	6	0.222	29	0.199	24	0.308	53	0.237	83	0.248
22	Q2G2X6	56-288	317-382	AF-Q2G2X6-F1-model_v4.cif	31.0	{278, 279, 169, 170, 56, 57, 58, 59, 60, 61, 317, 62, 64, 206, 209, 210, 340, 341, 342, 213, 214, 365, 367, 368, 369, 370, 371, 373, 374, 375, 377}	14	0.452	101	0.433	26	0.394	127	0.425	197	0.457	431	90	50	0.386	0.215	0	36	0.0	0.545	174	95	7	0.226	49	0.21	25	0.379	74	0.247	97	0.225
23	Q941M3	31-397	448-523	AF-Q941M3-F1-model_v4.cif	18.0	{312, 454, 455, 231, 521, 234, 522, 460, 523, 520, 105, 233, 306, 307, 278, 280, 283, 188}	12	0.667	204	0.556	40	0.526	244	0.551	289	0.539	536	135	83	0.368	0.226	20	26	0.263	0.342	185	133	3	0.167	81	0.221	25	0.329	106	0.239	138	0.257
24	Q9RET4	61-237	332-601	AF-Q9RET4-F1-model_v4.cif	4.0	{66, 355, 356, 70}	2	0.5	78	0.441	124	0.459	202	0.452	309	0.43	719	103	6	0.582	0.034	83	64	0.307	0.237	308	92	1	0.25	37	0.209	52	0.193	89	0.199	133	0.185
25	H6SG27	24-376	438-515	AF-H6SG27-F1-model_v4.cif	18.0	{490, 259, 101, 102, 103, 168, 105, 106, 491, 492, 172, 493, 495, 496, 497, 494, 461, 440}	9	0.5	205	0.581	43	0.551	248	0.575	293	0.554	529	124	80	0.351	0.227	20	24	0.256	0.308	178	133	3	0.167	88	0.249	18	0.231	106	0.246	139	0.263
26	F2Z6J5	63-211	231-312	AF-F2Z6J5-F1-model_v4.cif	39.0	{277, 278, 279, 282, 283, 284, 285, 286, 287, 160, 164, 166, 167, 169, 170, 171, 301, 302, 303, 304, 305, 306, 307, 308, 194, 195, 196, 197, 198, 199, 72, 201, 74, 203, 202, 200, 69, 204, 231}	21	0.538	80	0.537	33	0.402	113	0.489	182	0.504	361	63	25	0.423	0.168	22	6	0.268	0.073	169	41	8	0.205	32	0.215	23	0.28	55	0.238	89	0.247
27	Q9I5E6	18-267	300-476	AF-Q9I5E6-F1-model_v4.cif	75.0	{406, 407, 412, 414, 161, 33, 37, 166, 39, 40, 167, 43, 44, 300, 46, 47, 48, 305, 50, 304, 302, 51, 54, 55, 53, 440, 443, 447, 450, 451, 453, 454, 457, 458, 460, 461, 462, 79, 80, 337, 336, 220, 340, 213, 214, 471, 341, 344, 218, 219, 475, 474, 350, 222, 476, 353, 98, 355, 100, 356, 101, 102, 103, 105, 106, 107, 108, 109, 352, 111, 301, 373, 374, 303, 377}	32	0.427	142	0.568	87	0.492	229	0.536	262	0.53	494	160	13	0.64	0.052	100	24	0.565	0.136	293	40	26	0.347	59	0.236	58	0.328	117	0.274	134	0.271
28	A0A0M3KKZ3	9-117	158-457	AF-A0A0M3KKZ3-F1-model_v4.cif	43.0	{293, 294, 295, 173, 174, 175, 176, 177, 178, 179, 180, 181, 182, 184, 187, 63, 192, 193, 194, 67, 66, 69, 70, 64, 71, 73, 74, 75, 191, 77, 78, 79, 80, 81, 87, 88, 89, 91, 347, 92, 93, 348, 65}	24	0.558	60	0.55	167	0.557	227	0.555	271	0.553	490	40	13	0.367	0.119	111	73	0.37	0.243	198	94	8	0.186	36	0.33	56	0.187	92	0.225	111	0.227
29	Q87I71	95-204	361-467	AF-Q87I71-F1-model_v4.cif	30.0	{394, 398, 400, 404, 405, 406, 407, 409, 413, 414, 415, 416, 421, 191, 457, 459, 461, 463, 97, 98, 99, 100, 101, 102, 103, 104, 361, 106, 105, 363}	12	0.4	60	0.545	45	0.421	105	0.484	234	0.484	483	18	41	0.164	0.373	8	50	0.075	0.467	153	123	6	0.2	27	0.245	23	0.215	50	0.23	122	0.253
30	Q8X5N8	27-155	204-335	AF-Q8X5N8-F1-model_v4.cif	63.0	{128, 130, 132, 133, 134, 135, 266, 272, 273, 274, 275, 276, 277, 278, 279, 282, 305, 307, 309, 310, 311, 312, 317, 64, 65, 66, 67, 68, 69, 70, 71, 72, 73, 74, 75, 76, 94, 95, 96, 97, 98, 99, 100, 101, 102, 103, 105, 106, 239, 242, 243, 244, 245, 246, 247, 248, 249, 250, 251, 252, 253, 254, 255}	33	0.524	63	0.488	66	0.5	129	0.494	169	0.494	342	32	63	0.248	0.488	33	57	0.25	0.432	110	122	13	0.206	37	0.287	27	0.205	64	0.245	88	0.257
31	Q47NR5	33-399	450-525	AF-Q47NR5-F1-model_v4.cif	28.0	{522, 523, 524, 525, 282, 284, 287, 288, 291, 295, 313, 314, 315, 317, 318, 319, 323, 453, 456, 457, 462, 463, 485, 233, 106, 234, 108, 237}	16	0.571	211	0.575	41	0.539	252	0.569	296	0.545	543	131	89	0.357	0.243	23	26	0.303	0.342	197	138	10	0.357	86	0.234	24	0.316	110	0.248	144	0.265
32	A0A0E8T757	632-691	692-750	AF-A0A0E8T757-F1-model_v4.cif	26.0	{661, 663, 664, 665, 666, 671, 672, 673, 685, 687, 688, 689, 690, 691, 692, 693, 697, 701, 702, 703, 706, 707, 709, 710, 713, 714}	15	0.577	29	0.483	26	0.441	55	0.462	355	0.473	750	16	17	0.267	0.283	14	20	0.237	0.339	269	188	2	0.077	13	0.217	18	0.305	31	0.261	170	0.227
33	M4GWN4	7-368	418-493	AF-M4GWN4-F1-model_v4.cif	18.0	{290, 291, 421, 294, 296, 489, 425, 169, 492, 493, 491, 490, 424, 334, 82, 266, 84, 430}	6	0.333	164	0.453	35	0.461	199	0.454	233	0.452	516	146	93	0.403	0.257	23	25	0.303	0.329	193	147	5	0.278	86	0.238	20	0.263	106	0.242	129	0.25
34	Q6NC13	22-387	437-512	AF-Q6NC13-F1-model_v4.cif	23.0	{276, 277, 280, 284, 304, 305, 307, 437, 310, 184, 313, 460, 461, 462, 463, 464, 94, 96, 97, 98, 489, 491, 493}	11	0.478	217	0.593	40	0.526	257	0.581	296	0.565	524	135	88	0.369	0.24	19	24	0.25	0.316	183	138	6	0.261	76	0.208	21	0.276	97	0.219	120	0.229
35	B1YSR8	70-218	259-555	AF-B1YSR8-F1-model_v4.cif	50.0	{393, 394, 395, 265, 140, 270, 272, 274, 275, 276, 277, 278, 279, 280, 281, 282, 283, 285, 288, 292, 293, 164, 295, 168, 167, 170, 171, 172, 165, 174, 175, 176, 178, 179, 180, 181, 182, 188, 189, 190, 447, 192, 449, 193, 194, 448, 166, 294, 80, 81}	25	0.5	80	0.537	166	0.559	246	0.552	342	0.556	615	52	47	0.349	0.315	103	77	0.347	0.259	244	141	12	0.24	46	0.309	56	0.189	102	0.229	137	0.223
36	B9PW60	11-171	201-324	AF-B9PW60-F1-model_v4.cif	74.0	{128, 140, 270, 143, 144, 145, 274, 147, 148, 277, 276, 151, 280, 153, 154, 281, 156, 157, 155, 158, 152, 284, 283, 164, 165, 166, 167, 296, 168, 297, 299, 300, 301, 302, 303, 304, 298, 111, 305, 149, 295, 278, 86, 87, 88, 272, 170, 247, 91, 93, 273, 146, 105, 250, 107, 106, 123, 110, 239, 240, 241, 114, 243, 242, 238, 246, 119, 120, 121, 122, 244, 124, 125, 126}	46	0.622	81	0.503	65	0.524	146	0.512	173	0.524	330	61	47	0.379	0.292	58	22	0.468	0.177	134	80	12	0.162	36	0.224	31	0.25	67	0.235	78	0.236
37	Q6NAE3	14-363	415-489	AF-Q6NAE3-F1-model_v4.cif	20.0	{257, 258, 415, 170, 174, 438, 439, 440, 466, 467, 468, 469, 470, 471, 88, 472, 90, 91, 92, 95}	9	0.45	216	0.617	46	0.613	262	0.616	304	0.604	503	139	89	0.397	0.254	21	26	0.28	0.347	185	140	5	0.25	72	0.206	21	0.28	93	0.219	114	0.227
38	A0R0V0	52-416	472-546	AF-A0R0V0-F1-model_v4.cif	17.0	{128, 129, 130, 131, 132, 133, 522, 523, 524, 493, 525, 495, 304, 494, 527, 307, 526}	10	0.588	228	0.625	48	0.64	276	0.627	337	0.604	558	141	87	0.386	0.238	22	26	0.293	0.347	213	138	7	0.412	80	0.219	17	0.227	97	0.22	128	0.229
39	Q57540	56-288	317-382	AF-Q57540-F1-model_v4.cif	31.0	{278, 279, 169, 170, 56, 57, 58, 59, 60, 317, 62, 61, 64, 206, 209, 210, 340, 213, 342, 214, 341, 365, 367, 368, 369, 370, 371, 373, 374, 375, 377}	13	0.419	101	0.433	25	0.379	126	0.421	198	0.459	431	90	50	0.386	0.215	0	36	0.0	0.545	166	95	8	0.258	49	0.21	26	0.394	75	0.251	98	0.227
40	A0A0M3KKZ4	9-117	158-457	AF-A0A0M3KKZ4-F1-model_v4.cif	43.0	{293, 294, 295, 173, 174, 175, 176, 177, 178, 179, 180, 181, 182, 184, 187, 63, 191, 65, 193, 194, 64, 69, 192, 71, 70, 73, 74, 75, 67, 77, 78, 79, 66, 81, 80, 87, 88, 89, 347, 92, 91, 93, 348}	24	0.558	60	0.55	167	0.557	227	0.555	271	0.553	490	40	13	0.367	0.119	108	73	0.36	0.243	196	94	8	0.186	36	0.33	56	0.187	92	0.225	111	0.227
41	P83789	41-122	488-732	AF-P83789-F1-model_v4.cif	0.0	0	0	0.0	45	0.549	127	0.518	172	0.526	394	0.538	732	53	2	0.646	0.024	100	38	0.408	0.155	324	118	0	0.0	22	0.268	61	0.249	83	0.254	203	0.277
42	A0A0J1PJ79	59-204	224-301	AF-A0A0J1PJ79-F1-model_v4.cif	29.0	{271, 275, 276, 277, 278, 279, 156, 160, 295, 296, 297, 298, 299, 301, 187, 188, 189, 190, 191, 192, 193, 194, 196, 197, 68, 71, 70, 69, 224}	11	0.379	84	0.575	37	0.474	121	0.54	201	0.54	372	65	27	0.445	0.185	24	4	0.308	0.051	172	40	6	0.207	29	0.199	24	0.308	53	0.237	89	0.239
43	Q9L869	17-163	182-264	AF-Q9L869-F1-model_v4.cif	36.0	{256, 257, 258, 146, 147, 148, 149, 150, 151, 152, 153, 26, 154, 156, 155, 28, 182, 228, 229, 233, 234, 235, 236, 237, 251, 113, 252, 117, 119, 120, 122, 123, 124, 253, 254, 255}	18	0.5	84	0.571	38	0.458	122	0.53	142	0.534	266	71	30	0.483	0.204	21	6	0.253	0.072	100	45	5	0.139	24	0.163	22	0.265	46	0.2	55	0.207
44	Q8RR30	71-220	263-557	AF-Q8RR30-F1-model_v4.cif	43.0	{395, 396, 397, 274, 276, 278, 279, 280, 281, 282, 283, 284, 285, 286, 287, 289, 166, 167, 168, 297, 298, 299, 172, 173, 174, 169, 176, 177, 178, 180, 181, 182, 190, 191, 192, 449, 194, 451, 195, 196, 450, 81, 296}	21	0.488	79	0.527	156	0.529	235	0.528	303	0.521	582	54	47	0.36	0.313	108	73	0.366	0.247	240	131	12	0.279	48	0.32	67	0.227	115	0.258	146	0.251
45	D3RV29	64-210	230-309	AF-D3RV29-F1-model_v4.cif	38.0	{276, 277, 278, 281, 282, 283, 284, 285, 162, 166, 168, 169, 171, 300, 301, 172, 302, 173, 305, 306, 307, 304, 303, 193, 194, 195, 196, 197, 198, 70, 200, 201, 73, 203, 75, 202, 199, 230}	19	0.5	86	0.585	36	0.45	122	0.537	208	0.567	367	63	29	0.429	0.197	25	6	0.312	0.075	177	44	7	0.184	27	0.184	20	0.25	47	0.207	78	0.213
46	A0A066ZR71	79-227	247-328	AF-A0A066ZR71-F1-model_v4.cif	39.0	{293, 294, 295, 298, 299, 300, 301, 302, 303, 176, 180, 182, 183, 185, 186, 187, 317, 318, 319, 320, 321, 322, 323, 324, 210, 211, 212, 213, 214, 215, 216, 217, 218, 219, 220, 85, 90, 88, 247}	21	0.538	80	0.537	33	0.402	113	0.489	191	0.507	377	63	25	0.423	0.168	22	6	0.268	0.073	178	43	8	0.205	32	0.215	23	0.28	55	0.238	93	0.247
47	F3Y661	17-378	428-506	AF-F3Y661-F1-model_v4.cif	11.0	{295, 176, 502, 503, 504, 505, 506, 91, 220, 93, 94}	5	0.455	200	0.552	38	0.481	238	0.54	276	0.535	516	134	83	0.37	0.229	21	24	0.266	0.304	177	133	2	0.182	76	0.21	23	0.291	99	0.224	119	0.231
48	Q63QJ1	71-219	260-558	AF-Q63QJ1-F1-model_v4.cif	48.0	{394, 395, 396, 141, 271, 273, 275, 276, 277, 278, 279, 280, 281, 282, 283, 284, 286, 289, 165, 166, 293, 168, 167, 294, 171, 172, 295, 296, 175, 176, 177, 173, 179, 180, 181, 182, 183, 185, 189, 190, 191, 448, 193, 194, 450, 449, 195, 81}	24	0.5	79	0.53	167	0.559	246	0.549	338	0.55	614	52	47	0.349	0.315	99	76	0.331	0.254	238	134	12	0.25	47	0.315	55	0.184	102	0.228	136	0.221
49	Q8KHY3	82-257	361-631	AF-Q8KHY3-F1-model_v4.cif	0.0	0	0	0.0	76	0.432	129	0.476	205	0.459	310	0.426	727	107	9	0.608	0.051	88	71	0.325	0.262	301	104	0	0.0	52	0.295	54	0.199	106	0.237	176	0.242
50	Q2TU34	13-198	203-332	AF-Q2TU34-F1-model_v4.cif	82.0	{65, 66, 67, 69, 96, 97, 98, 100, 101, 102, 103, 117, 118, 119, 122, 123, 125, 126, 131, 132, 133, 134, 136, 137, 138, 140, 150, 153, 154, 155, 156, 157, 158, 160, 161, 162, 163, 164, 165, 166, 167, 173, 175, 177, 178, 179, 181, 182, 184, 246, 247, 248, 249, 250, 251, 253, 254, 257, 275, 277, 279, 280, 281, 283, 284, 285, 287, 288, 290, 291, 292, 302, 304, 305, 306, 307, 308, 309, 310, 311, 312, 314}	46	0.561	97	0.522	68	0.523	165	0.522	173	0.512	338	64	65	0.344	0.349	57	21	0.438	0.162	125	86	20	0.244	43	0.231	34	0.262	77	0.244	86	0.254
51	B7LGE4	59-204	224-301	AF-B7LGE4-F1-model_v4.cif	29.0	{271, 275, 276, 277, 278, 279, 156, 160, 295, 296, 297, 298, 299, 301, 187, 188, 189, 190, 191, 192, 193, 194, 196, 197, 69, 70, 71, 68, 224}	11	0.379	82	0.562	37	0.474	119	0.531	198	0.532	372	64	27	0.438	0.185	23	4	0.295	0.051	170	40	6	0.207	29	0.199	24	0.308	53	0.237	89	0.239
52	A9T230	93-291	295-424	AF-A9T230-F1-model_v4.cif	84.0	{143, 145, 147, 174, 175, 176, 177, 178, 179, 181, 195, 196, 197, 200, 201, 204, 209, 210, 211, 212, 213, 214, 215, 216, 218, 239, 242, 243, 244, 246, 247, 248, 249, 252, 253, 254, 255, 256, 257, 258, 259, 265, 267, 268, 269, 270, 271, 272, 273, 274, 290, 338, 339, 340, 341, 342, 343, 345, 346, 349, 350, 367, 369, 371, 372, 373, 375, 376, 377, 379, 380, 383, 384, 394, 396, 397, 398, 399, 400, 401, 402, 403, 404, 406}	44	0.524	98	0.492	59	0.454	157	0.477	204	0.48	425	73	54	0.367	0.271	57	19	0.438	0.146	136	74	18	0.214	35	0.176	38	0.292	73	0.222	88	0.207
53	P0AG30	1-47	48-123	AF-P0AG30-F1-model_v4.cif	30.0	{1, 2, 3, 4, 7, 8, 32, 36, 39, 40, 42, 43, 46, 47, 48, 49, 50, 51, 52, 67, 69, 76, 77, 78, 79, 101, 103, 104, 109, 111}	15	0.5	23	0.489	38	0.5	61	0.496	210	0.501	419	34	1	0.723	0.021	8	33	0.105	0.434	184	95	10	0.333	13	0.277	22	0.289	35	0.285	125	0.298
54	P23687	1-426	427-710	AF-P23687-F1-model_v4.cif	215.0	{512, 1, 2, 3, 4, 515, 6, 7, 519, 9, 513, 11, 13, 17, 19, 20, 22, 24, 25, 26, 28, 29, 31, 32, 39, 42, 43, 46, 47, 49, 50, 51, 52, 53, 54, 56, 57, 59, 60, 62, 63, 64, 66, 67, 68, 70, 71, 584, 585, 73, 582, 588, 589, 590, 591, 587, 593, 594, 595, 596, 597, 598, 602, 91, 603, 93, 605, 94, 96, 97, 608, 95, 612, 604, 617, 618, 634, 122, 123, 124, 126, 639, 640, 128, 642, 643, 641, 645, 647, 650, 651, 653, 654, 655, 657, 146, 147, 148, 661, 149, 150, 658, 145, 666, 667, 668, 669, 670, 671, 672, 673, 674, 677, 678, 679, 680, 682, 683, 684, 685, 686, 173, 687, 688, 690, 691, 172, 693, 694, 695, 697, 698, 699, 701, 702, 703, 190, 706, 707, 708, 198, 199, 200, 201, 202, 203, 204, 205, 206, 233, 235, 253, 254, 255, 256, 257, 305, 309, 310, 311, 335, 337, 339, 354, 356, 357, 358, 359, 379, 380, 381, 399, 400, 401, 402, 403, 404, 425, 426, 427, 428, 429, 430, 432, 435, 436, 437, 439, 441, 451, 453, 455, 476, 477, 479, 480, 481, 482, 483, 484, 485, 486, 487, 488, 489, 490, 491, 494, 495, 501, 503, 508, 509, 510, 511}	95	0.442	187	0.439	147	0.518	334	0.47	334	0.47	710	67	182	0.157	0.427	118	51	0.415	0.18	185	233	52	0.242	122	0.286	67	0.236	189	0.266	189	0.266
55	O69275	1-226	227-427	AF-O69275-F1-model_v4.cif	77.0	{56, 58, 59, 60, 61, 62, 63, 64, 65, 66, 67, 70, 71, 74, 104, 107, 108, 109, 110, 112, 135, 139, 140, 141, 142, 143, 144, 218, 219, 220, 221, 222, 223, 224, 225, 226, 227, 228, 229, 230, 293, 294, 295, 296, 298, 300, 330, 333, 334, 337, 351, 352, 353, 354, 355, 356, 359, 364, 366, 368, 377, 388, 401, 402, 403, 404, 406, 407, 408, 409, 410, 411, 412, 418, 420, 422, 424}	31	0.403	96	0.425	90	0.448	186	0.436	187	0.434	431	85	59	0.376	0.261	69	67	0.343	0.333	154	126	19	0.247	69	0.305	53	0.264	122	0.286	124	0.288
56	Q7KLV9	1-223	224-392	AF-Q7KLV9-F1-model_v4.cif	35.0	{178, 318, 194, 322, 325, 204, 205, 208, 209, 211, 212, 214, 215, 216, 218, 219, 220, 222, 223, 224, 225, 227, 228, 231, 232, 234, 235, 238, 239, 242, 243, 246, 249, 250, 253}	16	0.457	105	0.471	82	0.485	187	0.477	198	0.469	422	173	0	0.776	0.0	120	11	0.71	0.065	319	11	12	0.343	67	0.3	46	0.272	113	0.288	123	0.291
57	H2E7Q8	1-80,452-730	81-451	AF-H2E7Q8-F1-model_v4.cif	108.0	{512, 522, 524, 613, 526, 531, 532, 533, 534, 535, 536, 542, 76, 77, 78, 79, 80, 81, 82, 83, 101, 102, 103, 104, 614, 617, 619, 105, 621, 622, 618, 141, 142, 143, 144, 146, 660, 661, 662, 162, 163, 164, 165, 166, 167, 168, 169, 694, 695, 696, 697, 698, 699, 700, 702, 703, 704, 201, 202, 229, 230, 231, 232, 259, 279, 280, 281, 282, 283, 329, 333, 334, 360, 377, 379, 380, 381, 403, 404, 421, 422, 423, 424, 425, 426, 450, 451, 452, 453, 455, 458, 459, 460, 462, 464, 474, 476, 478, 499, 500, 502, 503, 504, 505, 506, 507, 508, 509}	51	0.472	188	0.524	164	0.442	352	0.482	352	0.482	730	154	63	0.429	0.175	30	174	0.081	0.469	184	237	28	0.259	88	0.245	100	0.27	188	0.258	188	0.258
58	P04958	1-250	251-451	AF-P04958-F1-model_v4.cif	190.0	{42, 61, 62, 63, 64, 65, 66, 67, 68, 69, 70, 71, 72, 73, 86, 89, 90, 93, 94, 96, 97, 98, 100, 101, 103, 104, 106, 107, 110, 113, 114, 115, 116, 117, 118, 119, 120, 123, 124, 125, 126, 127, 128, 129, 130, 131, 154, 167, 187, 188, 189, 190, 191, 200, 201, 202, 203, 204, 205, 206, 207, 208, 210, 211, 215, 217, 218, 220, 221, 222, 223, 224, 225, 226, 227, 228, 229, 232, 233, 236, 237, 239, 240, 242, 243, 245, 246, 247, 248, 249, 250, 251, 252, 256, 263, 264, 265, 266, 267, 268, 269, 270, 271, 273, 274, 275, 283, 287, 290, 291, 294, 295, 298, 299, 302, 305, 306, 308, 309, 310, 311, 312, 313, 314, 317, 319, 322, 323, 325, 326, 329, 330, 350, 351, 354, 355, 358, 359, 360, 363, 364, 366, 367, 369, 370, 371, 372, 373, 374, 377, 378, 379, 380, 381, 382, 383, 384, 385, 386, 387, 388, 389, 390, 391, 394, 395, 396, 397, 398, 399, 400, 410, 411, 413, 414, 415, 416, 417, 419, 422, 423, 426, 427, 429, 430, 431, 432, 433, 434, 435}	82	0.432	121	0.484	78	0.388	199	0.441	573	0.436	1315	69	68	0.276	0.272	91	31	0.453	0.154	471	325	49	0.258	56	0.224	53	0.264	109	0.242	317	0.241
59	P04807	75-209	210-458	AF-P04807-F1-model_v4.cif	33.0	{156, 157, 158, 295, 173, 174, 457, 458, 76, 77, 78, 208, 209, 210, 211, 213, 214, 218, 220, 221, 222, 95, 223, 93, 224, 99, 100, 101, 102, 103, 104, 105, 109}	13	0.394	70	0.519	113	0.454	183	0.477	245	0.504	486	37	47	0.274	0.348	131	31	0.526	0.124	224	81	11	0.333	33	0.244	68	0.273	101	0.263	125	0.257
60	O60729	44-198	214-374	AF-O60729-F1-model_v4.cif	55.0	{134, 347, 220, 165, 166, 167, 168, 169, 173, 174, 175, 176, 177, 341, 181, 182, 184, 185, 186, 188, 189, 318, 192, 193, 194, 195, 329, 333, 334, 335, 336, 92, 338, 339, 82, 85, 342, 343, 88, 345, 346, 219, 91, 93, 221, 350, 94, 353, 352, 349, 97, 357, 354, 358, 361}	34	0.618	72	0.465	79	0.491	151	0.478	209	0.42	498	74	21	0.477	0.135	75	26	0.466	0.161	210	47	9	0.164	36	0.232	42	0.261	78	0.247	136	0.273
