uniprot,pdb,fnat,fnat_correct,fnat_total,fnonnat,fnonnat_nnative,fnonnat_model,irms,lrms,dockq,capri
A0A0A0V031,5ups,0.926,25,27,0.194,6,31,0.688,0.639,0.916,High
P59676,1pyy,0.943,33,35,0.029,1,34,0.394,0.967,0.955,High
D9N168,8scl,1.0,8,8,0.111,1,9,0.253,2.305,0.968,High
P04958,5n0b,0.925,273,295,0.045,13,286,0.284,0.414,0.963,High
A0A0H2WY27,7kcx,1.0,41,41,0.047,2,43,0.237,0.719,0.99,High
A0R0V0,5kei,0.0,0,17,1.0,25,25,10.558,25.154,0.041,Incorrect
P83789,1ru3,0.0,0,0,0.0,0,0,7.819,21.679,0.056,Incorrect
P04958,4j1l,0.93,226,243,0.074,18,244,0.644,0.852,0.921,High
Q72AS4,2wpn,0.953,41,43,0.0,0,41,0.512,0.867,0.946,High
P23687,1qfs,0.943,279,296,0.07,21,300,0.384,0.287,0.96,High
A0A0H2WY27,6c3k,0.976,40,41,0.024,1,41,0.199,0.671,0.984,High
A0A0A0V031,5upt,0.0,0,27,1.0,2,2,18.178,31.586,0.025,Incorrect
P23687,3eq9,0.921,268,291,0.046,13,281,0.374,0.369,0.954,High
Q72AS4,3ze6,0.953,41,43,0.0,0,41,0.51,0.867,0.946,High
O69275,2j3x,0.953,101,106,0.019,2,103,0.457,0.893,0.952,High
P0AG30,1a63,0.667,24,36,0.25,8,32,2.086,1.494,0.659,Medium
A0A140DJY3,5wm6,0.964,27,28,0.156,5,32,0.732,2.024,0.906,High
P23687,4an1,0.956,283,296,0.069,21,304,0.381,0.282,0.965,High
P23687,1qfm,0.962,277,288,0.061,18,295,0.386,0.254,0.966,High
P04958,7by5,0.924,267,289,0.07,20,287,0.793,0.649,0.9,High
F2Z6J5,3ayx,0.96,48,50,0.04,2,50,0.276,0.568,0.974,High
P0AG30,6wa8,0.611,22,36,0.421,16,38,3.038,4.821,0.521,Medium
Q51504,3pbs,0.852,52,61,0.037,2,54,0.534,1.006,0.909,High
P23687,1uoo,0.953,282,296,0.06,18,300,0.388,0.274,0.963,High
D9N168,8sct,1.0,8,8,0.2,2,10,0.226,2.495,0.966,High
Q8X5N8,1u9t,0.882,90,102,0.062,6,96,0.582,1.346,0.909,High
A0A0F7R6G7,7dq5,0.0,0,17,1.0,47,47,15.307,29.179,0.029,Incorrect
Q47NR5,6e97,0.0,0,28,1.0,33,33,14.3,29.063,0.03,Incorrect
A0A0H2WY27,7kcw,1.0,41,41,0.047,2,43,0.249,0.752,0.988,High
P0AG30,7x2r,0.806,29,36,0.256,10,39,1.007,1.349,0.823,High
Q7KLV9,3txn,0.933,42,45,0.16,8,50,0.636,1.309,0.919,High
O68880,4mf9,0.933,84,90,0.077,7,91,0.418,1.017,0.949,High
P0AG30,8q3o,0.694,25,36,0.359,14,39,0.891,1.743,0.798,Medium
Q51504,5df9,0.836,51,61,0.089,5,56,0.758,3.357,0.833,High
G0WVH3,4d4i,0.897,26,29,0.037,1,27,0.45,1.165,0.932,High
Q8GN86,3cw9,0.0,0,10,1.0,35,35,13.806,24.736,0.039,Incorrect
P0AG30,8w8d,0.583,21,36,0.344,11,32,1.233,1.862,0.711,Medium
Q941M3,3a9v,0.0,0,14,1.0,21,21,13.837,27.782,0.032,Incorrect
P14677,1pmd,0.333,1,3,0.0,0,1,2.823,2.768,0.486,Acceptable
P0AG30,8pew,0.667,24,36,0.368,14,38,1.921,4.922,0.598,Medium
P23687,1vz3,0.945,277,293,0.067,20,297,0.371,0.244,0.962,High
A0A0H2WY27,5ty7,0.976,40,41,0.024,1,41,0.188,0.639,0.985,High
D9N168,8scn,1.0,8,8,0.2,2,10,0.252,2.441,0.965,High
Q6NC13,4rmn,0.905,19,21,0.05,1,20,0.676,1.333,0.904,High
D9N168,6ur9,1.0,8,8,0.2,2,10,0.195,2.353,0.971,High
D9N168,8sck,1.0,8,8,0.2,2,10,0.251,2.277,0.969,High
A0A0H2WY27,5tw8,0.976,40,41,0.048,2,42,0.177,0.579,0.986,High
Q72AS4,6z9o,0.953,41,43,0.0,0,41,0.178,0.206,0.98,High
A0A0H2WY27,7kcy,1.0,41,41,0.024,1,42,0.257,0.762,0.988,High
O60729,1ohe,0.957,67,70,0.082,6,73,0.23,0.583,0.977,High
A0A3B6UEQ0,7vxq,0.97,32,33,0.135,5,37,0.219,0.391,0.982,High
B9PW60,4ir8,0.962,101,105,0.09,10,111,0.45,0.473,0.959,High
Q51504,4l0l,0.869,53,61,0.159,10,63,0.52,1.575,0.909,High
P23687,1h2x,0.963,285,296,0.062,19,304,0.373,0.264,0.968,High
O69275,2j3z,0.943,100,106,0.048,5,105,0.354,0.812,0.961,High
P23687,1vz2,0.944,269,285,0.085,25,294,0.514,0.412,0.946,High
P04958,5n0c,0.936,276,295,0.018,5,281,0.255,0.35,0.969,High
P59676,5oj1,0.886,31,35,0.031,1,32,0.458,0.708,0.931,High
Q87I71,3vb9,0.844,27,32,0.372,16,43,1.143,2.397,0.801,High
M4GWN4,7a9j,0.25,2,8,0.778,7,9,3.86,10.885,0.253,Acceptable
P23687,1e8n,0.946,280,296,0.057,17,297,0.363,0.248,0.963,High
O60729,1ohd,0.929,65,70,0.085,6,71,0.306,0.778,0.96,High
Q72AS4,6z8j,0.953,41,43,0.0,0,41,0.178,0.192,0.98,High
P23687,1e5t,0.945,274,290,0.065,19,293,0.374,0.241,0.962,High
H2E7Q8,5n4d,0.912,125,137,0.038,5,130,0.516,0.586,0.934,High
P23687,4bcb,0.956,283,296,0.069,21,304,0.372,0.28,0.966,High
Q72AS4,5jsk,0.953,41,43,0.0,0,41,0.165,0.185,0.98,High
A0A0H2WY27,5ty2,1.0,41,41,0.047,2,43,0.204,0.737,0.991,High
Q941M3,3ni2,0.0,0,14,1.0,25,25,13.976,28.193,0.032,Incorrect
P0AG30,8ptg,0.75,27,36,0.156,5,32,0.905,1.254,0.821,High
Q72AS4,6z8o,0.977,42,43,0.023,1,43,0.297,0.341,0.979,High
P0AG30,1a62,0.758,25,33,0.242,8,33,0.762,1.246,0.844,High
F2Z6J5,3ayz,0.96,48,50,0.04,2,50,0.272,0.568,0.975,High
A0A0H2WY27,5tw4,1.0,41,41,0.047,2,43,0.219,0.941,0.989,High
Q51504,3oc2,0.852,52,61,0.071,4,56,0.657,2.623,0.868,High
Q72AS4,6z7r,0.953,41,43,0.0,0,41,0.222,0.286,0.977,High
D9N168,8sco,1.0,8,8,0.2,2,10,0.23,2.573,0.964,High
P23687,1o6g,0.919,271,295,0.088,26,297,0.463,0.397,0.943,High
A0A0H2WY27,7kcv,1.0,41,41,0.089,4,45,0.237,0.623,0.99,High
P23687,4bcc,0.953,282,296,0.063,19,301,0.382,0.284,0.964,High
D9N168,8scp,1.0,8,8,0.2,2,10,0.217,2.494,0.967,High
A0A0H2WY27,6dz8,0.976,40,41,0.07,3,43,0.314,0.986,0.973,High
P23687,1uop,0.959,284,296,0.066,20,304,0.357,0.259,0.968,High
P04807,1ig8,0.906,29,32,0.033,1,30,0.471,1.321,0.931,High
P14677,1qmf,0.914,32,35,0.03,1,33,0.449,0.62,0.942,High
P23687,1e8m,0.946,280,296,0.06,18,298,0.39,0.27,0.96,High
Q72AS4,6z9g,0.953,41,43,0.0,0,41,0.241,0.39,0.975,High
D9N168,8scq,1.0,8,8,0.111,1,9,0.238,2.408,0.967,High
P0AG30,8q3n,0.667,24,36,0.226,7,31,0.635,0.889,0.835,High
G0WVH3,4d56,0.862,25,29,0.038,1,26,0.484,1.177,0.916,High
H2E7Q8,5n4b,0.937,134,143,0.029,4,138,0.236,0.396,0.97,High
Q47NR5,6e8o,0.0,0,26,1.0,31,31,14.147,29.213,0.03,Incorrect
P0AG30,8ptm,0.611,22,36,0.29,9,31,0.91,1.94,0.764,Medium
D9N168,8sci,1.0,8,8,0.111,1,9,0.26,2.111,0.971,High
P23687,3eq7,0.934,269,288,0.066,19,288,0.401,0.421,0.955,High
O69275,2j3v,0.962,102,106,0.01,1,103,0.479,1.016,0.952,High
Q72AS4,3zea,0.977,42,43,0.0,0,42,0.164,0.279,0.988,High
Q72AS4,6z8m,0.953,41,43,0.0,0,41,0.153,0.231,0.981,High
D9N168,8scr,1.0,8,8,0.111,1,9,0.205,2.516,0.967,High
A0A140DJY3,5wm2,0.893,25,28,0.138,4,29,0.782,2.028,0.875,High
A9T230,5iz1,0.755,83,110,0.202,21,104,3.267,1.549,0.632,Medium
P23687,3eq8,0.941,272,289,0.078,23,295,0.37,0.334,0.961,High
P23687,4amy,0.949,281,296,0.073,22,303,0.355,0.264,0.965,High
O68880,4imh,0.956,86,90,0.075,7,93,0.392,0.854,0.961,High
D9N168,8scj,0.875,7,8,0.125,1,8,0.301,2.26,0.923,High
O16025,2fnq,0.778,49,63,0.155,9,58,0.699,1.68,0.854,High
D9N168,6ueu,1.0,8,8,0.111,1,9,0.27,1.334,0.982,High
H6SG27,5n9w,0.0,0,17,1.0,22,22,16.067,25.797,0.036,Incorrect
D3RV29,3myr,0.978,44,45,0.064,3,47,0.408,0.704,0.967,High
A0A0F7R6G7,8yyq,0.0,0,17,1.0,39,39,15.755,30.811,0.027,Incorrect
M4GWN4,7a9i,0.286,2,7,0.8,8,10,2.863,10.541,0.298,Acceptable
H2E7Q8,5n4e,0.883,113,128,0.081,10,123,0.298,0.315,0.948,High
F3Y661,4wv3,0.667,6,9,0.8,24,30,1.759,5.082,0.608,Medium
Q6NC13,4zjz,0.762,16,21,0.0,0,16,0.791,1.577,0.837,High
Q8X5N8,4cdp,0.961,98,102,0.039,4,102,0.456,1.053,0.954,High
Q51504,3ocl,0.82,50,61,0.057,3,53,0.536,1.354,0.894,High
G0WVH3,4d57,0.862,25,29,0.0,0,25,0.448,1.178,0.92,High
P23687,4an0,0.956,283,296,0.072,22,305,0.364,0.252,0.966,High
A0A0H2WY27,5tx9,0.976,40,41,0.048,2,42,0.229,0.911,0.98,High
P23687,1o6f,0.956,282,295,0.063,19,301,0.388,0.301,0.964,High
E1K248,4ud6,0.978,44,45,0.083,4,48,0.218,0.399,0.985,High
Q72AS4,6ru9,0.953,41,43,0.0,0,41,0.179,0.338,0.979,High
E1K248,4ueq,0.956,43,45,0.065,3,46,0.216,0.286,0.978,High
D9N168,8scm,0.875,7,8,0.125,1,8,0.26,2.289,0.926,High
Q51504,5df8,0.852,52,61,0.071,4,56,1.266,6.056,0.7,Medium
A0A140DJY3,5wm4,0.857,24,28,0.2,6,30,0.811,1.948,0.86,High
P59676,5oiz,0.857,30,35,0.032,1,31,0.568,0.832,0.907,High
Q72AS4,3ze8,0.93,40,43,0.0,0,40,0.512,0.903,0.938,High
P23687,1h2z,0.949,281,296,0.054,16,297,0.372,0.253,0.963,High
P23687,4ax4,0.874,249,285,0.108,30,279,0.726,0.753,0.892,High
Q72AS4,3ze7,0.953,41,43,0.024,1,42,0.181,0.234,0.979,High
D9N168,4o0i,0.875,7,8,0.222,2,9,0.256,0.98,0.945,High
P23687,1h2y,0.956,283,296,0.069,21,304,0.359,0.251,0.967,High
D9N168,8scu,1.0,8,8,0.2,2,10,0.224,2.599,0.964,High
P0AG30,8ptp,0.583,21,36,0.16,4,25,0.874,1.68,0.764,Medium
Q9I5E6,6s62,0.566,47,83,0.041,2,49,2.633,7.733,0.453,Acceptable
G0WVH3,4d4g,0.897,26,29,0.037,1,27,0.465,1.271,0.929,High
Q2TU34,5zwk,0.95,113,119,0.034,4,117,1.268,2.815,0.811,High
Q72AS4,5jsh,0.953,41,43,0.0,0,41,0.163,0.201,0.98,High
P0AG30,8pto,0.556,20,36,0.231,6,26,0.708,1.353,0.783,Medium
Q72AS4,6ruc,0.953,41,43,0.0,0,41,0.156,0.19,0.981,High
P23687,2xdw,0.956,283,296,0.066,20,303,0.358,0.263,0.967,High
P04958,7oh1,0.919,272,296,0.059,17,289,0.44,0.547,0.945,High
D9N168,6ur2,0.875,7,8,0.125,1,8,0.261,0.837,0.945,High
P0AG30,8ptn,0.694,25,36,0.242,8,33,0.968,1.826,0.785,Medium
P23687,4bcd,0.953,282,296,0.069,21,303,0.37,0.252,0.965,High
A0A0A0V031,5upq,0.0,0,26,1.0,1,1,18.282,31.236,0.025,Incorrect
A0A140DJY3,5wm3,0.929,26,28,0.161,5,31,0.765,2.0,0.89,High
A0A0A0V031,5e7q,0.0,0,23,1.0,3,3,18.354,31.481,0.025,Incorrect
Q51504,3ocn,0.787,48,61,0.111,6,54,0.6,2.627,0.854,High
O68880,4mgf,0.956,86,90,0.104,10,96,0.416,0.625,0.96,High
P23687,4amz,0.953,282,296,0.072,22,304,0.351,0.251,0.967,High
Q72AS4,5jsy,0.953,41,43,0.0,0,41,0.165,0.183,0.98,High
H2E7Q8,5n4f,0.491,53,108,0.159,10,63,4.828,15.172,0.273,Acceptable
A0A0F7R6G7,6m01,0.6,9,15,0.438,7,16,1.316,2.757,0.69,Medium
P23687,1h2w,0.963,285,296,0.059,18,303,0.355,0.262,0.97,High
P14677,1qme,0.971,34,35,0.029,1,35,0.251,0.563,0.98,High
P0AG30,8pex,0.694,25,36,0.444,20,45,2.007,5.227,0.593,Medium
D9N168,8scs,1.0,8,8,0.2,2,10,0.224,2.471,0.967,High
Q941M3,3a9u,0.0,0,7,1.0,10,10,17.812,39.278,0.017,Incorrect
O16025,3dy5,0.922,59,64,0.119,8,67,0.517,0.599,0.937,High
H2E7Q8,5n4c,0.909,130,143,0.037,5,135,0.346,0.673,0.951,High
Q72AS4,6za1,0.953,41,43,0.0,0,41,0.177,0.206,0.98,High
P0AG30,8peu,0.611,22,36,0.476,20,42,1.844,4.962,0.585,Medium
Q72AS4,3ze9,0.953,41,43,0.0,0,41,0.202,0.265,0.978,High
A0A140DJY3,5wm5,0.929,26,28,0.212,7,33,0.775,1.932,0.89,High
Q51504,5df7,0.885,54,61,0.115,7,61,1.274,6.112,0.708,Medium
P0AG30,3ice,0.727,24,33,0.294,10,34,0.864,1.417,0.817,High
D9N168,8scg,1.0,8,8,0.2,2,10,0.24,2.034,0.974,High
O60729,1ohc,0.914,64,70,0.086,6,70,0.288,0.665,0.958,High
H6SG27,5n9x,0.0,0,17,1.0,17,17,15.801,25.882,0.035,Incorrect
Q72AS4,5jt1,0.953,41,43,0.0,0,41,0.167,0.209,0.98,High
Q7KLV9,3txm,0.889,40,45,0.167,8,48,0.624,1.263,0.907,High
A0A140DJY3,5wm7,0.929,26,28,0.161,5,31,0.752,1.978,0.892,High
Q72AS4,5jsu,0.953,41,43,0.0,0,41,0.158,0.179,0.981,High
D9N168,6ur4,1.0,8,8,0.2,2,10,0.259,1.115,0.985,High
A0A0F7R6G7,8yyr,0.0,0,17,1.0,40,40,15.741,29.623,0.028,Incorrect
Q72AS4,6rtp,0.953,41,43,0.0,0,41,0.164,0.191,0.98,High
E1K248,4ud2,0.911,41,45,0.047,2,43,0.215,0.401,0.963,High
D9N168,3ht3,0.875,7,8,0.125,1,8,0.205,0.697,0.95,High
D9N168,6us5,1.0,8,8,0.2,2,10,0.242,2.256,0.97,High
Q9L869,1e3d,0.902,37,41,0.075,3,40,0.298,0.369,0.954,High
P23687,1uoq,0.949,281,296,0.054,16,297,0.354,0.258,0.965,High
Q87I71,2p3y,0.906,29,32,0.065,2,31,0.483,0.457,0.936,High
