	uniprot	pdb	region_1	region_2	gt_fn	chain	number_interface_residues	interface_residues	pdb residues in region_1	pdb residues in region_2	pdb_length	num_interface_hydro	percent_interface_hydro	num_im_hydro	percent_im_hydro	num_fd_hydro	percent_fd_hydro	num_domains_hydro	perc_domains_hydro	num_protein_hydro	percent_protein_hydro	num_im_helix	num_im_sheet	percent_im_helix	percent_im_sheet	num_fd_helix	num_fd_sheet	percent_fd_helix	percent_fd_sheet	num_protein_helix	num_protein_sheet	percent_protein_helix	percent_protein_sheet
0	D9N168	3ht3	3-169	336-543	3ht3.cif	A	10.0	{102, 103, 104, 105, 106, 472, 473, 474, 475, 508}	167	208	579	3	0.3	97	0.581	98	0.471	195	0.52	289	0.482	0	0	0.0	0.0	153	20	0.736	0.096	178	35	0.307	0.06
1	D9N168	4o0i	3-169	336-543	4o0i.cif	A	11.0	{102, 103, 104, 105, 106, 167, 472, 473, 474, 475, 508}	167	207	577	4	0.364	98	0.587	98	0.471	196	0.523	288	0.486	0	0	0.0	0.0	171	20	0.826	0.097	213	29	0.369	0.05
2	D9N168	6ueu	3-169	336-543	6ueu.cif	A	10.0	{102, 103, 104, 105, 106, 472, 473, 474, 475, 508}	167	206	577	4	0.4	98	0.587	97	0.466	195	0.52	289	0.481	0	0	0.0	0.0	170	20	0.825	0.097	212	31	0.367	0.054
3	D9N168	6ur2	3-169	336-543	6ur2.cif	A	9.0	{102, 103, 104, 105, 106, 472, 473, 474, 475}	167	207	577	3	0.333	97	0.581	98	0.471	195	0.52	288	0.479	0	0	0.0	0.0	147	20	0.71	0.097	176	31	0.305	0.054
4	D9N168	6ur4	3-169	336-543	6ur4.cif	A	11.0	{102, 103, 104, 167, 106, 105, 472, 473, 474, 475, 508}	167	207	577	3	0.273	97	0.581	98	0.471	195	0.52	288	0.481	0	0	0.0	0.0	172	20	0.831	0.097	214	31	0.371	0.054
5	D9N168	6ur9	3-169	336-543	6ur9.cif	A	11.0	{102, 103, 104, 105, 106, 167, 472, 473, 474, 475, 508}	167	206	577	3	0.273	97	0.581	97	0.466	194	0.517	288	0.479	0	0	0.0	0.0	170	20	0.825	0.097	211	32	0.366	0.055
6	D9N168	6us5	3-169	336-543	6us5.cif	A	11.0	{102, 103, 104, 167, 106, 105, 472, 473, 474, 475, 508}	167	206	577	3	0.273	97	0.581	97	0.466	194	0.517	288	0.479	0	0	0.0	0.0	150	20	0.728	0.097	175	31	0.303	0.054
7	D9N168	8scg	3-169	336-543	8scg.cif	A	11.0	{102, 167, 104, 103, 106, 105, 472, 473, 474, 475, 508}	167	206	577	3	0.273	97	0.581	97	0.466	194	0.517	288	0.479	0	0	0.0	0.0	151	20	0.733	0.097	175	31	0.303	0.054
8	D9N168	8sci	3-169	336-543	8sci.cif	A	10.0	{102, 103, 104, 105, 106, 472, 473, 474, 475, 508}	167	206	577	3	0.3	97	0.581	97	0.466	194	0.517	288	0.478	0	0	0.0	0.0	170	20	0.825	0.097	212	29	0.367	0.05
9	D9N168	8scj	3-169	336-543	8scj.cif	A	9.0	{102, 103, 104, 105, 106, 472, 473, 474, 475}	167	206	577	3	0.333	97	0.581	97	0.466	194	0.517	288	0.478	0	0	0.0	0.0	169	20	0.82	0.097	210	31	0.364	0.054
10	D9N168	8sck	3-169	336-543	8sck.cif	A	11.0	{102, 103, 167, 104, 106, 105, 472, 473, 474, 475, 508}	167	206	577	3	0.273	97	0.581	97	0.466	194	0.517	288	0.478	0	0	0.0	0.0	171	20	0.83	0.097	212	31	0.367	0.054
11	D9N168	8scl	3-169	336-543	8scl.cif	A	10.0	{102, 103, 104, 105, 106, 472, 473, 474, 475, 508}	167	206	577	3	0.3	97	0.581	97	0.466	194	0.517	288	0.478	0	0	0.0	0.0	170	20	0.825	0.097	207	36	0.359	0.062
12	D9N168	8scm	3-169	336-543	8scm.cif	A	9.0	{102, 103, 104, 105, 106, 472, 473, 474, 475}	167	206	577	3	0.333	97	0.581	97	0.466	194	0.517	288	0.478	0	0	0.0	0.0	171	20	0.83	0.097	212	31	0.367	0.054
13	D9N168	8scn	3-169	336-543	8scn.cif	A	11.0	{102, 103, 167, 104, 106, 105, 472, 473, 474, 475, 508}	167	206	577	3	0.273	97	0.581	97	0.466	194	0.517	288	0.478	0	0	0.0	0.0	170	20	0.825	0.097	212	31	0.367	0.054
14	D9N168	8sco	3-169	336-543	8sco.cif	A	11.0	{102, 103, 167, 105, 106, 104, 472, 473, 474, 475, 508}	167	207	578	3	0.273	97	0.581	98	0.471	195	0.52	289	0.481	0	0	0.0	0.0	170	20	0.821	0.097	211	32	0.365	0.055
15	D9N168	8scp	3-169	336-543	8scp.cif	A	11.0	{102, 103, 104, 105, 106, 167, 472, 473, 474, 475, 508}	167	207	578	3	0.273	97	0.581	98	0.471	195	0.52	289	0.48	0	0	0.0	0.0	172	20	0.831	0.097	213	31	0.369	0.054
16	D9N168	8scq	3-169	336-543	8scq.cif	A	10.0	{102, 103, 104, 105, 106, 472, 473, 474, 475, 508}	167	207	578	3	0.3	97	0.581	98	0.471	195	0.52	289	0.48	0	0	0.0	0.0	172	20	0.831	0.097	213	31	0.369	0.054
17	D9N168	8scr	3-169	336-543	8scr.cif	A	10.0	{102, 103, 104, 105, 106, 472, 473, 474, 475, 508}	167	207	578	3	0.3	97	0.581	98	0.471	195	0.52	289	0.48	0	0	0.0	0.0	172	20	0.831	0.097	214	32	0.37	0.055
18	D9N168	8scs	3-169	336-543	8scs.cif	A	11.0	{102, 103, 167, 105, 106, 104, 472, 473, 474, 475, 508}	167	207	578	3	0.273	97	0.581	98	0.471	195	0.52	289	0.48	0	0	0.0	0.0	172	20	0.831	0.097	214	31	0.37	0.054
19	D9N168	8sct	3-169	336-543	8sct.cif	A	11.0	{102, 103, 167, 104, 106, 105, 472, 473, 474, 475, 508}	167	207	578	3	0.273	97	0.581	98	0.471	195	0.52	289	0.48	0	0	0.0	0.0	172	20	0.831	0.097	213	32	0.369	0.055
20	D9N168	8scu	3-169	336-543	8scu.cif	A	11.0	{102, 167, 103, 104, 106, 105, 472, 473, 474, 475, 508}	167	207	578	3	0.273	97	0.581	98	0.471	195	0.52	289	0.48	0	0	0.0	0.0	172	20	0.831	0.097	214	32	0.37	0.055
21	Q72AS4	2wpn	52-205	237-315	2wpn.cif	A	36.0	{279, 280, 281, 154, 284, 285, 286, 287, 160, 158, 161, 288, 164, 165, 302, 303, 304, 305, 307, 308, 309, 189, 58, 61, 190, 191, 192, 193, 194, 195, 196, 197, 198, 199, 63, 237}	154	79	277	19	0.528	92	0.597	37	0.468	129	0.554	180	0.221	53	14	0.344	0.091	12	0	0.152	0.0	77	18	0.278	0.065
22	Q72AS4	3ze6	52-205	237-315	3ze6.cif	A	36.0	{279, 280, 281, 154, 284, 285, 158, 287, 160, 161, 286, 288, 164, 165, 302, 303, 304, 305, 307, 308, 309, 58, 190, 61, 189, 191, 63, 193, 194, 192, 196, 197, 195, 199, 198, 237}	153	79	276	16	0.444	94	0.61	25	0.316	119	0.511	160	0.209	87	30	0.569	0.196	23	0	0.291	0.0	127	34	0.46	0.123
23	Q72AS4	3ze7	52-205	237-315	3ze7.cif	A	36.0	{279, 280, 281, 154, 284, 285, 158, 286, 288, 160, 287, 161, 164, 165, 302, 303, 304, 305, 307, 308, 309, 58, 189, 190, 63, 192, 193, 194, 61, 196, 191, 198, 199, 197, 195, 237}	154	79	277	16	0.444	94	0.61	25	0.316	119	0.511	160	0.209	91	27	0.591	0.175	23	0	0.291	0.0	131	31	0.473	0.112
24	Q72AS4	3ze8	52-205	237-315	3ze8.cif	A	34.0	{279, 280, 281, 154, 284, 285, 286, 287, 160, 161, 158, 164, 165, 302, 303, 304, 305, 307, 308, 309, 58, 61, 189, 191, 192, 193, 194, 190, 196, 195, 198, 199, 197, 237}	154	79	277	16	0.471	94	0.61	25	0.316	119	0.511	160	0.208	91	27	0.591	0.175	23	0	0.291	0.0	131	31	0.473	0.112
25	Q72AS4	3ze9	52-205	237-315	3ze9.cif	A	36.0	{279, 280, 281, 154, 284, 285, 286, 287, 288, 160, 158, 161, 164, 165, 302, 303, 304, 305, 307, 308, 309, 189, 58, 61, 190, 191, 192, 63, 194, 195, 196, 193, 198, 199, 197, 237}	153	79	278	16	0.444	94	0.61	25	0.316	119	0.511	160	0.208	86	30	0.562	0.196	23	0	0.291	0.0	126	34	0.453	0.122
26	Q72AS4	3zea	52-205	237-315	3zea.cif	A	36.0	{279, 280, 281, 154, 284, 285, 158, 286, 160, 288, 287, 161, 164, 165, 302, 303, 304, 305, 307, 308, 309, 189, 58, 61, 190, 63, 191, 193, 194, 195, 196, 197, 198, 199, 192, 237}	154	79	279	16	0.444	94	0.61	25	0.316	119	0.511	160	0.208	87	30	0.565	0.195	23	0	0.291	0.0	127	34	0.455	0.122
27	Q72AS4	5jsh	52-205	237-315	5jsh.cif	A	36.0	{279, 280, 281, 154, 284, 285, 158, 287, 286, 161, 160, 288, 164, 165, 302, 303, 304, 305, 307, 308, 309, 61, 58, 189, 190, 191, 192, 193, 194, 63, 196, 197, 195, 199, 198, 237}	154	79	283	19	0.528	92	0.597	37	0.468	129	0.554	180	0.218	88	30	0.571	0.195	23	0	0.291	0.0	128	34	0.452	0.12
28	Q72AS4	5jsk	52-205	237-315	5jsk.cif	A	36.0	{279, 280, 281, 154, 284, 285, 158, 286, 287, 161, 288, 160, 164, 165, 302, 303, 304, 305, 307, 308, 309, 58, 61, 190, 189, 191, 193, 194, 192, 196, 197, 63, 199, 195, 198, 237}	154	79	283	19	0.528	92	0.597	37	0.468	129	0.554	180	0.218	88	30	0.571	0.195	23	0	0.291	0.0	128	34	0.452	0.12
29	Q72AS4	5jsu	52-205	237-315	5jsu.cif	A	36.0	{279, 280, 281, 154, 284, 285, 286, 287, 160, 158, 288, 161, 164, 165, 302, 303, 304, 305, 307, 308, 309, 61, 58, 189, 190, 191, 192, 193, 194, 63, 196, 197, 195, 199, 198, 237}	154	79	283	19	0.528	92	0.597	37	0.468	129	0.554	180	0.218	88	30	0.571	0.195	23	0	0.291	0.0	128	34	0.452	0.12
30	Q72AS4	5jsy	52-205	237-315	5jsy.cif	A	36.0	{279, 280, 281, 154, 284, 285, 286, 158, 288, 161, 287, 160, 164, 165, 302, 303, 304, 305, 307, 308, 309, 58, 189, 190, 191, 192, 193, 194, 195, 196, 63, 61, 199, 198, 197, 237}	154	79	283	19	0.528	92	0.597	37	0.468	129	0.554	180	0.218	87	30	0.565	0.195	23	0	0.291	0.0	127	34	0.449	0.12
31	Q72AS4	5jt1	52-205	237-315	5jt1.cif	A	36.0	{279, 280, 281, 154, 284, 285, 286, 287, 160, 288, 158, 161, 164, 165, 302, 303, 304, 305, 307, 308, 309, 58, 61, 190, 63, 192, 193, 194, 195, 196, 189, 198, 199, 191, 197, 237}	154	79	283	19	0.528	92	0.597	37	0.468	129	0.554	180	0.218	87	30	0.565	0.195	23	0	0.291	0.0	127	34	0.449	0.12
32	Q72AS4	6rtp	52-205	237-315	6rtp.cif	A	36.0	{279, 280, 281, 154, 284, 285, 158, 286, 160, 161, 287, 288, 164, 165, 302, 303, 304, 305, 307, 308, 309, 58, 190, 61, 189, 191, 192, 193, 194, 63, 196, 197, 195, 199, 198, 237}	154	79	283	16	0.444	94	0.61	25	0.316	119	0.511	160	0.206	88	30	0.571	0.195	23	0	0.291	0.0	128	34	0.452	0.12
33	Q72AS4	6ru9	52-205	237-315	6ru9.cif	A	36.0	{279, 280, 281, 154, 284, 285, 158, 287, 286, 161, 160, 288, 164, 165, 302, 303, 304, 305, 63, 307, 308, 309, 58, 61, 189, 191, 192, 193, 194, 190, 196, 197, 198, 199, 195, 237}	154	79	277	16	0.444	94	0.61	25	0.316	119	0.511	160	0.206	91	27	0.591	0.175	23	0	0.291	0.0	131	31	0.473	0.112
34	Q72AS4	6ruc	52-205	237-315	6ruc.cif	A	36.0	{279, 280, 281, 154, 284, 285, 158, 287, 286, 161, 288, 160, 164, 165, 302, 303, 304, 305, 307, 308, 309, 58, 190, 61, 189, 191, 63, 193, 194, 192, 196, 197, 195, 199, 198, 237}	154	79	283	16	0.444	94	0.61	25	0.316	119	0.511	160	0.206	88	30	0.571	0.195	23	0	0.291	0.0	128	34	0.452	0.12
35	Q72AS4	6z7r	52-205	237-315	6z7r.cif	A	36.0	{279, 280, 281, 154, 284, 285, 158, 286, 287, 160, 288, 161, 164, 165, 302, 303, 304, 305, 307, 61, 309, 308, 58, 189, 190, 191, 192, 193, 194, 195, 196, 197, 198, 199, 63, 237}	154	79	279	16	0.444	94	0.61	25	0.316	119	0.511	160	0.209	88	30	0.571	0.195	23	0	0.291	0.0	128	34	0.459	0.122
36	Q72AS4	6z8j	52-205	237-315	6z8j.cif	A	36.0	{279, 280, 281, 154, 284, 285, 158, 287, 288, 161, 160, 286, 164, 165, 302, 303, 304, 305, 307, 308, 309, 61, 58, 189, 190, 63, 191, 193, 192, 195, 196, 194, 198, 199, 197, 237}	154	79	279	16	0.444	94	0.61	25	0.316	119	0.511	160	0.209	91	27	0.591	0.175	23	0	0.291	0.0	131	31	0.47	0.111
37	Q72AS4	6z8m	52-205	237-315	6z8m.cif	A	36.0	{279, 280, 281, 154, 284, 285, 158, 286, 160, 287, 161, 288, 164, 165, 302, 303, 304, 305, 307, 308, 309, 58, 190, 61, 189, 191, 192, 193, 194, 195, 196, 197, 198, 199, 63, 237}	154	79	283	16	0.444	94	0.61	25	0.316	119	0.511	160	0.208	88	30	0.571	0.195	23	0	0.291	0.0	128	34	0.452	0.12
38	Q72AS4	6z8o	52-205	237-315	6z8o.cif	A	37.0	{279, 280, 281, 154, 284, 285, 158, 286, 160, 161, 287, 163, 164, 165, 288, 302, 303, 304, 305, 307, 308, 309, 58, 190, 61, 189, 191, 192, 193, 194, 63, 196, 197, 195, 199, 198, 237}	154	79	277	17	0.459	94	0.61	25	0.316	119	0.511	160	0.209	90	27	0.584	0.175	23	0	0.291	0.0	130	31	0.469	0.112
39	Q72AS4	6z9g	52-205	237-315	6z9g.cif	A	36.0	{279, 280, 281, 154, 284, 285, 158, 286, 287, 160, 288, 161, 164, 165, 302, 303, 304, 305, 307, 308, 309, 58, 189, 61, 190, 192, 193, 194, 195, 196, 63, 191, 199, 198, 197, 237}	154	79	277	16	0.444	94	0.61	25	0.316	119	0.511	160	0.208	88	30	0.571	0.195	22	0	0.278	0.0	123	34	0.444	0.123
40	Q72AS4	6z9o	52-205	237-315	6z9o.cif	A	36.0	{279, 280, 281, 154, 284, 285, 158, 286, 288, 287, 160, 161, 164, 165, 302, 303, 304, 305, 307, 308, 309, 61, 58, 189, 190, 63, 192, 193, 194, 195, 196, 191, 198, 199, 197, 237}	154	79	279	16	0.444	94	0.61	25	0.316	119	0.511	160	0.208	88	30	0.571	0.195	22	0	0.278	0.0	123	34	0.441	0.122
41	Q72AS4	6za1	52-205	237-315	6za1.cif	A	36.0	{279, 280, 281, 154, 284, 285, 158, 286, 288, 161, 160, 287, 164, 165, 302, 303, 304, 305, 307, 308, 309, 58, 190, 189, 61, 63, 192, 193, 194, 191, 196, 197, 198, 199, 195, 237}	154	79	279	16	0.444	94	0.61	25	0.316	119	0.511	160	0.208	88	30	0.571	0.195	23	0	0.291	0.0	128	34	0.459	0.122
42	P14677	1pmd	632-691	692-750	1pmd.cif	A	2.0	{691, 692}	60	59	674	0	0.0	20	0.333	0	0.0	20	0.168	318	0.471	0	0	0.0	0.0	0	0	0.0	0.0	0	0	0.0	0.0
43	P14677	1qme	632-691	692-750	1qme.cif	A	25.0	{661, 663, 664, 665, 666, 671, 672, 673, 685, 687, 688, 689, 690, 691, 692, 693, 697, 701, 702, 703, 706, 709, 710, 713, 714}	60	59	557	8	0.32	28	0.467	5	0.085	33	0.277	329	0.469	11	15	0.183	0.25	13	17	0.22	0.288	187	111	0.336	0.199
44	P14677	1qmf	632-691	692-750	1qmf.cif	A	25.0	{661, 663, 664, 665, 666, 671, 672, 673, 685, 687, 689, 690, 691, 692, 693, 697, 701, 702, 703, 706, 709, 710, 713, 714, 726}	59	59	558	8	0.32	28	0.467	5	0.085	33	0.277	329	0.469	11	15	0.186	0.254	12	17	0.203	0.288	179	119	0.321	0.213
45	A0A0H2WY27	5tw4	56-288	317-382	5tw4.cif	A	31.0	{278, 279, 169, 170, 56, 57, 58, 59, 60, 61, 317, 62, 64, 206, 209, 210, 340, 341, 342, 214, 213, 365, 367, 368, 369, 370, 371, 373, 374, 375, 377}	231	66	357	9	0.29	103	0.442	18	0.273	121	0.405	153	0.426	99	45	0.429	0.195	5	27	0.076	0.409	137	79	0.384	0.221
46	A0A0H2WY27	5tw8	56-288	317-382	5tw8.cif	A	31.0	{278, 279, 169, 170, 56, 57, 58, 59, 60, 317, 62, 61, 64, 206, 209, 210, 340, 213, 342, 214, 341, 365, 367, 368, 369, 370, 371, 373, 374, 375, 377}	233	66	356	9	0.29	103	0.442	18	0.273	121	0.405	153	0.426	106	45	0.455	0.193	5	35	0.076	0.53	144	87	0.404	0.244
47	A0A0H2WY27	5tx9	56-288	317-382	5tx9.cif	A	31.0	{278, 279, 169, 170, 56, 57, 58, 59, 60, 317, 62, 61, 64, 206, 209, 210, 340, 341, 214, 342, 213, 365, 367, 368, 369, 370, 371, 373, 374, 375, 377}	231	66	356	9	0.29	103	0.442	18	0.273	121	0.405	153	0.426	98	45	0.424	0.195	5	35	0.076	0.53	136	87	0.382	0.244
48	A0A0H2WY27	5ty2	56-288	317-382	5ty2.cif	A	31.0	{278, 279, 169, 170, 56, 57, 58, 59, 60, 61, 317, 62, 64, 206, 209, 210, 340, 341, 342, 213, 214, 365, 367, 368, 369, 370, 371, 373, 374, 375, 377}	230	66	356	9	0.29	103	0.442	18	0.273	121	0.405	153	0.426	95	49	0.413	0.213	5	35	0.076	0.53	133	91	0.374	0.256
49	A0A0H2WY27	5ty7	56-288	317-382	5ty7.cif	A	31.0	{278, 279, 169, 170, 56, 57, 58, 59, 60, 317, 61, 62, 64, 206, 209, 210, 340, 213, 342, 341, 214, 365, 367, 368, 369, 370, 371, 373, 374, 375, 377}	230	66	355	9	0.29	103	0.442	18	0.273	121	0.405	153	0.427	107	41	0.465	0.178	5	35	0.076	0.53	145	83	0.408	0.234
50	A0A0H2WY27	6c3k	56-288	317-382	6c3k.cif	A	31.0	{278, 279, 169, 170, 56, 57, 58, 59, 60, 61, 317, 62, 64, 206, 209, 210, 340, 213, 342, 214, 341, 365, 367, 368, 369, 370, 371, 373, 374, 375, 377}	231	66	357	12	0.387	103	0.442	20	0.303	123	0.411	157	0.428	99	45	0.429	0.195	5	33	0.076	0.5	137	85	0.384	0.238
51	A0A0H2WY27	6dz8	56-288	317-382	6dz8.cif	A	30.0	{278, 279, 169, 170, 56, 57, 58, 59, 60, 317, 61, 62, 64, 206, 209, 210, 341, 214, 342, 213, 365, 367, 368, 369, 370, 371, 373, 374, 375, 377}	232	66	358	9	0.3	103	0.442	18	0.273	121	0.405	153	0.426	176	45	0.759	0.194	31	35	0.47	0.53	248	87	0.693	0.243
52	A0A0H2WY27	7kcv	56-288	317-382	7kcv.cif	A	32.0	{278, 279, 168, 169, 170, 56, 57, 58, 59, 60, 317, 61, 62, 64, 206, 209, 210, 340, 341, 342, 214, 213, 365, 367, 368, 369, 370, 371, 373, 374, 375, 377}	232	66	361	12	0.375	104	0.446	20	0.303	124	0.415	158	0.431	105	45	0.453	0.194	5	35	0.076	0.53	139	87	0.385	0.241
53	A0A0H2WY27	7kcw	56-288	317-382	7kcw.cif	A	32.0	{278, 279, 169, 170, 56, 57, 58, 59, 60, 317, 62, 61, 64, 206, 209, 210, 340, 341, 342, 213, 214, 217, 365, 367, 368, 369, 370, 371, 373, 374, 375, 377}	232	66	359	12	0.375	104	0.446	20	0.303	124	0.415	158	0.431	106	45	0.457	0.194	5	35	0.076	0.53	140	87	0.39	0.242
54	A0A0H2WY27	7kcx	56-288	317-382	7kcx.cif	A	32.0	{278, 279, 169, 170, 56, 57, 58, 59, 60, 61, 317, 62, 64, 206, 209, 210, 340, 213, 342, 214, 341, 217, 365, 367, 368, 369, 370, 371, 373, 374, 375, 377}	232	66	360	12	0.375	104	0.446	20	0.303	124	0.415	158	0.431	103	45	0.444	0.194	5	35	0.076	0.53	137	87	0.381	0.242
55	A0A0H2WY27	7kcy	56-288	317-382	7kcy.cif	A	32.0	{278, 279, 169, 170, 56, 57, 58, 59, 60, 317, 62, 61, 64, 206, 209, 210, 340, 213, 342, 214, 341, 217, 365, 367, 368, 369, 370, 371, 373, 374, 375, 377}	233	66	361	12	0.375	103	0.442	20	0.303	123	0.411	157	0.428	101	45	0.433	0.193	5	35	0.076	0.53	134	87	0.371	0.241
56	Q8GN86	3cw9	9-366	416-492	3cw9.cif	A	34.0	{256, 257, 260, 285, 287, 416, 288, 162, 291, 419, 165, 166, 437, 438, 439, 440, 441, 465, 466, 467, 468, 469, 85, 471, 88, 89, 473, 87, 92, 472, 474, 470, 252, 253}	358	77	503	13	0.382	216	0.603	40	0.519	256	0.589	289	0.573	138	87	0.385	0.243	24	25	0.312	0.325	189	136	0.376	0.27
57	Q51504	3oc2	58-206	247-546	3oc2.cif	A	45.0	{384, 258, 260, 262, 263, 264, 266, 267, 268, 155, 270, 271, 269, 273, 280, 153, 281, 283, 282, 154, 158, 159, 160, 156, 162, 163, 164, 166, 167, 168, 175, 176, 177, 178, 180, 181, 438, 182, 439, 437, 436, 67, 68, 382, 383}	149	284	495	24	0.533	82	0.55	168	0.56	250	0.557	309	0.548	63	44	0.423	0.295	117	48	0.412	0.169	205	100	0.414	0.202
58	Q51504	3ocl	58-206	247-546	3ocl.cif	A	45.0	{384, 258, 260, 262, 263, 154, 264, 266, 267, 268, 269, 270, 271, 283, 273, 280, 152, 282, 155, 156, 281, 158, 159, 160, 153, 162, 163, 164, 166, 167, 169, 170, 176, 177, 178, 436, 437, 182, 439, 181, 180, 438, 68, 382, 383}	148	290	498	24	0.533	82	0.55	168	0.56	250	0.557	309	0.548	64	43	0.432	0.291	129	57	0.445	0.197	218	112	0.438	0.225
59	Q51504	3ocn	58-206	247-546	3ocn.cif	A	45.0	{384, 258, 260, 262, 263, 264, 266, 267, 268, 269, 270, 271, 273, 280, 281, 154, 283, 282, 156, 158, 159, 155, 160, 162, 163, 164, 166, 167, 168, 175, 176, 177, 178, 436, 181, 438, 437, 182, 180, 67, 68, 69, 381, 382, 383}	149	292	503	24	0.533	82	0.55	168	0.56	250	0.557	309	0.548	65	45	0.436	0.302	124	59	0.425	0.202	214	116	0.425	0.231
60	Q51504	3pbs	58-206	247-546	3pbs.cif	A	45.0	{384, 258, 153, 260, 262, 263, 264, 265, 266, 267, 268, 269, 270, 271, 273, 152, 281, 154, 155, 283, 282, 158, 159, 160, 280, 162, 163, 164, 166, 167, 168, 170, 176, 177, 178, 180, 437, 182, 181, 436, 438, 439, 68, 382, 383}	149	290	499	27	0.6	81	0.544	166	0.553	247	0.55	295	0.548	65	44	0.436	0.295	121	57	0.417	0.197	213	112	0.427	0.224
61	Q51504	4l0l	58-206	247-546	4l0l.cif	A	52.0	{384, 258, 260, 262, 263, 264, 266, 267, 268, 269, 270, 271, 155, 273, 272, 276, 152, 281, 153, 283, 154, 282, 158, 159, 160, 280, 162, 163, 164, 156, 166, 167, 168, 169, 170, 175, 176, 177, 178, 436, 437, 438, 181, 182, 439, 180, 67, 68, 69, 381, 382, 383}	149	290	501	27	0.519	80	0.537	166	0.553	246	0.548	295	0.549	64	41	0.43	0.275	114	57	0.393	0.197	205	101	0.409	0.202
62	Q51504	5df7	58-206	247-546	5df7.cif	A	49.0	{384, 258, 260, 262, 263, 264, 265, 266, 267, 268, 269, 270, 271, 282, 273, 276, 280, 281, 154, 283, 156, 153, 158, 159, 160, 155, 162, 163, 164, 166, 167, 168, 169, 176, 177, 178, 436, 181, 438, 182, 180, 439, 437, 67, 68, 69, 70, 382, 383}	149	300	515	25	0.51	82	0.55	168	0.56	250	0.557	309	0.548	64	44	0.43	0.295	121	64	0.403	0.213	217	122	0.421	0.237
63	Q51504	5df8	58-206	247-546	5df8.cif	A	46.0	{384, 258, 260, 262, 263, 264, 265, 266, 267, 268, 269, 270, 271, 154, 273, 276, 280, 281, 282, 155, 156, 283, 158, 159, 160, 153, 162, 163, 164, 166, 167, 168, 169, 176, 177, 178, 436, 180, 181, 439, 182, 437, 438, 68, 382, 383}	149	300	514	23	0.5	82	0.55	168	0.56	250	0.557	309	0.548	63	44	0.423	0.295	121	64	0.403	0.213	216	121	0.42	0.235
64	Q51504	5df9	58-206	247-546	5df9.cif	A	43.0	{384, 258, 260, 262, 263, 264, 265, 266, 267, 268, 269, 270, 271, 273, 280, 281, 153, 283, 282, 154, 158, 159, 160, 155, 162, 163, 164, 166, 167, 168, 169, 176, 177, 178, 436, 181, 182, 437, 438, 180, 68, 382, 383}	149	300	509	22	0.512	82	0.55	168	0.56	250	0.557	309	0.548	63	40	0.423	0.268	119	64	0.397	0.213	208	116	0.409	0.228
65	O16025	2fnq	374-490	491-1066	2fnq.cif	A	50.0	{385, 386, 387, 773, 778, 779, 1020, 781, 780, 784, 787, 791, 539, 540, 542, 544, 545, 437, 438, 452, 454, 459, 472, 473, 474, 1016, 476, 477, 478, 475, 484, 486, 488, 489, 490, 491, 492, 505, 882, 498, 500, 501, 1014, 1015, 504, 1017, 1018, 1019, 508, 1021}	115	554	669	24	0.48	61	0.521	94	0.163	155	0.224	331	0.474	0	40	0.0	0.348	321	26	0.579	0.047	321	66	0.48	0.099
66	O16025	3dy5	374-490	491-1066	3dy5.cif	A	57.0	{512, 385, 386, 387, 773, 778, 779, 780, 781, 399, 784, 787, 404, 539, 540, 544, 545, 546, 549, 437, 438, 440, 452, 454, 459, 472, 474, 475, 476, 477, 478, 480, 481, 483, 484, 486, 504, 489, 490, 491, 492, 505, 488, 508, 1008, 498, 882, 500, 501, 1014, 1015, 1016, 1017, 1018, 1019, 1020, 511}	108	526	1000	21	0.368	57	0.487	273	0.474	330	0.476	503	0.472	0	55	0.0	0.509	277	27	0.527	0.051	405	143	0.405	0.143
67	A0A140DJY3	5wm2	32-394	445-522	5wm2.cif	A	26.0	{282, 285, 445, 192, 449, 448, 195, 196, 197, 198, 467, 468, 469, 109, 110, 111, 112, 113, 114, 499, 500, 501, 502, 503, 504, 498}	363	78	534	19	0.731	216	0.595	44	0.564	260	0.59	318	0.564	158	81	0.435	0.223	25	34	0.321	0.436	198	135	0.371	0.253
68	A0A140DJY3	5wm3	32-394	445-522	5wm3.cif	A	26.0	{282, 285, 445, 448, 449, 195, 196, 197, 198, 467, 468, 469, 503, 107, 109, 110, 111, 112, 113, 498, 114, 500, 501, 499, 502, 504}	363	78	535	18	0.692	216	0.595	44	0.564	260	0.59	318	0.564	158	79	0.435	0.218	25	34	0.321	0.436	198	133	0.37	0.249
69	A0A140DJY3	5wm4	32-394	445-522	5wm4.cif	A	27.0	{282, 285, 445, 192, 449, 448, 195, 196, 197, 198, 467, 468, 469, 107, 109, 110, 111, 112, 113, 114, 499, 500, 501, 502, 503, 504, 498}	363	75	532	19	0.704	216	0.595	44	0.564	260	0.59	318	0.564	158	81	0.435	0.223	23	34	0.307	0.453	202	135	0.38	0.254
70	A0A140DJY3	5wm5	32-394	445-522	5wm5.cif	A	28.0	{282, 285, 309, 445, 192, 449, 448, 195, 196, 197, 198, 467, 468, 469, 107, 109, 110, 111, 112, 113, 498, 499, 500, 501, 502, 503, 504, 114}	363	76	531	19	0.679	216	0.595	44	0.564	260	0.59	318	0.564	158	83	0.435	0.229	24	34	0.316	0.447	201	137	0.379	0.258
71	A0A140DJY3	5wm6	32-394	445-522	5wm6.cif	A	27.0	{281, 282, 285, 445, 448, 449, 195, 196, 197, 198, 467, 468, 469, 107, 109, 110, 111, 112, 113, 114, 499, 498, 501, 502, 503, 504, 500}	363	78	533	18	0.667	216	0.595	44	0.564	260	0.59	318	0.564	157	79	0.433	0.218	25	34	0.321	0.436	197	133	0.37	0.25
72	A0A140DJY3	5wm7	32-394	445-522	5wm7.cif	A	27.0	{281, 282, 285, 445, 192, 448, 449, 195, 196, 197, 198, 467, 468, 469, 109, 110, 111, 112, 113, 114, 499, 500, 501, 498, 503, 504, 502}	363	78	533	19	0.704	216	0.595	44	0.564	260	0.59	318	0.564	158	81	0.435	0.223	25	34	0.321	0.436	198	135	0.371	0.253
73	G0WVH3	4d4g	10-368	425-500	4d4g.cif	A	24.0	{275, 156, 157, 158, 159, 160, 161, 162, 425, 428, 429, 452, 199, 88, 89, 91, 476, 475, 92, 477, 479, 481, 482, 478}	359	57	480	12	0.5	174	0.485	38	0.5	212	0.487	279	0.487	149	83	0.415	0.231	26	18	0.456	0.316	190	129	0.396	0.269
74	G0WVH3	4d4i	10-368	425-500	4d4i.cif	A	22.0	{156, 157, 158, 159, 160, 161, 162, 425, 428, 429, 199, 88, 89, 91, 92, 476, 478, 477, 479, 481, 482, 475}	359	58	481	10	0.455	174	0.485	38	0.5	212	0.487	279	0.487	148	81	0.412	0.226	24	15	0.414	0.259	187	124	0.389	0.258
75	G0WVH3	4d56	10-368	425-500	4d56.cif	A	21.0	{156, 157, 158, 159, 160, 161, 162, 425, 428, 429, 88, 89, 91, 476, 477, 478, 92, 479, 481, 482, 475}	359	59	482	9	0.429	174	0.485	38	0.5	212	0.487	279	0.487	143	84	0.398	0.234	25	16	0.424	0.271	183	128	0.38	0.266
76	G0WVH3	4d57	10-368	425-500	4d57.cif	A	21.0	{156, 157, 158, 159, 160, 161, 162, 425, 428, 429, 88, 89, 475, 476, 91, 478, 92, 477, 481, 482, 479}	359	59	482	9	0.429	174	0.485	38	0.5	212	0.487	279	0.487	149	83	0.415	0.231	24	18	0.407	0.305	188	129	0.39	0.268
77	E1K248	4ud2	67-210	229-311	4ud2.cif	A	35.0	{275, 276, 280, 281, 282, 283, 284, 163, 167, 169, 298, 170, 299, 300, 174, 303, 304, 305, 173, 302, 172, 301, 193, 194, 195, 196, 197, 198, 199, 200, 202, 203, 76, 78, 229}	144	83	262	11	0.314	81	0.562	19	0.229	100	0.441	143	0.176	75	21	0.521	0.146	9	0	0.108	0.0	97	21	0.37	0.08
78	E1K248	4ud6	67-210	229-311	4ud6.cif	A	35.0	{275, 276, 280, 281, 282, 283, 284, 163, 167, 169, 170, 299, 300, 173, 298, 303, 304, 301, 305, 172, 302, 174, 193, 194, 195, 196, 197, 198, 199, 200, 202, 203, 76, 78, 229}	144	83	262	11	0.314	81	0.562	19	0.229	100	0.441	143	0.176	74	21	0.514	0.146	9	0	0.108	0.0	96	21	0.366	0.08
79	E1K248	4ueq	67-210	229-311	4ueq.cif	A	35.0	{275, 276, 280, 281, 282, 283, 284, 163, 167, 169, 298, 299, 300, 172, 173, 303, 304, 305, 301, 170, 174, 302, 193, 194, 195, 196, 197, 198, 199, 200, 202, 203, 76, 78, 229}	144	83	262	11	0.314	81	0.562	19	0.229	100	0.441	143	0.173	74	21	0.514	0.146	9	0	0.108	0.0	96	21	0.366	0.08
80	A0A0A0V031	5e7q	11-372	422-496	5e7q.cif	A	6.0	{355, 357, 422, 425, 332, 474}	349	75	498	5	0.833	197	0.544	41	0.547	238	0.545	277	0.529	212	70	0.607	0.201	50	25	0.667	0.333	312	116	0.627	0.233
81	A0A0A0V031	5upq	11-372	422-496	5upq.cif	A	2.0	{357, 422}	351	75	500	2	1.0	196	0.541	41	0.547	237	0.542	278	0.53	212	70	0.604	0.199	49	26	0.653	0.347	317	111	0.634	0.222
82	A0A0A0V031	5ups	11-372	422-496	5ups.cif	A	28.0	{260, 261, 264, 288, 422, 425, 173, 175, 176, 177, 178, 445, 85, 214, 87, 472, 473, 88, 91, 92, 89, 475, 476, 478, 479, 90, 474, 477}	352	75	509	16	0.571	196	0.541	41	0.547	237	0.542	278	0.53	136	70	0.386	0.199	22	23	0.293	0.307	190	114	0.373	0.224
83	A0A0A0V031	5upt	11-372	422-496	5upt.cif	A	4.0	{425, 332, 357, 422}	352	75	501	3	0.75	196	0.541	41	0.547	237	0.542	278	0.53	212	72	0.602	0.205	50	25	0.667	0.333	312	118	0.623	0.236
84	P59676	1pyy	632-691	692-750	1pyy.cif	A	25.0	{661, 663, 664, 665, 666, 671, 672, 673, 685, 687, 688, 689, 690, 691, 692, 693, 697, 701, 702, 703, 706, 709, 710, 713, 714}	60	59	605	8	0.32	28	0.467	5	0.085	33	0.277	330	0.47	45	15	0.75	0.25	42	17	0.712	0.288	385	134	0.636	0.221
85	P59676	5oiz	632-691	692-750	5oiz.cif	A	24.0	{661, 663, 664, 665, 666, 670, 671, 672, 673, 685, 687, 689, 690, 691, 692, 693, 697, 701, 702, 703, 706, 709, 710, 713}	60	59	651	9	0.375	28	0.467	5	0.085	33	0.277	329	0.469	12	8	0.2	0.133	11	17	0.186	0.288	219	127	0.336	0.195
86	P59676	5oj1	632-691	692-750	5oj1.cif	A	26.0	{661, 663, 664, 665, 666, 670, 671, 672, 673, 685, 687, 688, 689, 690, 691, 692, 693, 697, 701, 702, 703, 706, 709, 710, 713, 714}	60	59	675	9	0.346	28	0.467	5	0.085	33	0.277	329	0.469	12	15	0.2	0.25	12	17	0.203	0.288	228	130	0.338	0.193
87	A0A0F7R6G7	6m01	27-384	443-519	6m01.cif	A	18.0	{498, 268, 108, 301, 271, 111, 497, 494, 275, 468, 469, 467, 499, 181, 501, 500, 443, 220}	352	61	489	13	0.722	211	0.589	49	0.636	260	0.598	319	0.493	123	85	0.349	0.241	19	18	0.311	0.295	166	129	0.339	0.264
88	A0A0F7R6G7	7dq5	27-384	443-519	7dq5.cif	A	42.0	{512, 514, 515, 516, 517, 518, 519, 266, 268, 271, 275, 276, 294, 295, 296, 298, 299, 300, 301, 443, 446, 447, 449, 450, 454, 455, 456, 338, 340, 341, 216, 217, 219, 476, 477, 220, 104, 106, 242, 509, 510, 511}	348	63	490	27	0.643	211	0.589	49	0.636	260	0.598	319	0.581	131	83	0.376	0.239	26	15	0.413	0.238	184	118	0.376	0.241
89	A0A0F7R6G7	8yyq	27-384	443-519	8yyq.cif	A	34.0	{512, 514, 516, 517, 518, 519, 266, 268, 271, 275, 294, 295, 298, 299, 300, 301, 303, 443, 446, 449, 455, 456, 339, 340, 341, 217, 219, 476, 477, 220, 104, 106, 242, 510}	347	56	482	23	0.676	211	0.589	48	0.623	259	0.595	318	0.579	131	82	0.378	0.236	20	13	0.357	0.232	178	115	0.369	0.239
90	A0A0F7R6G7	8yyr	27-384	443-519	8yyr.cif	A	35.0	{512, 514, 516, 517, 518, 519, 266, 268, 271, 275, 294, 295, 298, 299, 300, 301, 303, 443, 446, 449, 450, 455, 456, 339, 340, 341, 217, 219, 476, 220, 477, 104, 106, 242, 510}	347	65	495	24	0.686	212	0.592	49	0.636	261	0.6	320	0.583	131	134	0.378	0.386	26	39	0.4	0.6	186	217	0.376	0.438
91	O68880	4imh	38-167	220-351	4imh.cif	A	55.0	{257, 258, 259, 260, 261, 262, 263, 264, 265, 266, 267, 140, 268, 270, 269, 145, 146, 147, 282, 288, 289, 290, 291, 292, 293, 294, 295, 298, 321, 326, 327, 328, 75, 76, 77, 78, 79, 81, 82, 83, 84, 85, 86, 87, 88, 107, 108, 110, 111, 112, 113, 114, 115, 117, 118}	130	132	347	30	0.545	76	0.585	73	0.553	149	0.569	200	0.556	30	58	0.231	0.446	37	54	0.28	0.409	123	112	0.354	0.323
92	O68880	4mf9	38-167	220-351	4mf9.cif	A	54.0	{258, 259, 260, 261, 262, 263, 264, 265, 266, 267, 140, 268, 270, 269, 145, 146, 147, 282, 288, 289, 290, 291, 292, 293, 294, 295, 298, 321, 326, 327, 328, 75, 76, 77, 78, 79, 81, 82, 83, 84, 85, 86, 87, 88, 107, 108, 110, 111, 112, 113, 114, 115, 117, 118}	130	132	346	33	0.611	77	0.592	73	0.553	150	0.573	200	0.556	32	56	0.246	0.431	37	55	0.28	0.417	125	111	0.361	0.321
93	O68880	4mgf	38-167	220-351	4mgf.cif	A	56.0	{257, 258, 259, 260, 261, 262, 263, 264, 265, 266, 267, 140, 269, 268, 270, 145, 146, 147, 282, 288, 289, 290, 291, 292, 293, 294, 295, 298, 321, 322, 326, 327, 328, 75, 76, 77, 78, 79, 81, 82, 83, 84, 85, 86, 87, 88, 107, 108, 110, 111, 112, 113, 114, 115, 117, 118}	127	132	342	33	0.589	77	0.592	73	0.553	150	0.573	200	0.556	32	54	0.252	0.425	37	55	0.28	0.417	124	109	0.363	0.319
94	A0A3B6UEQ0	7vxq	22-167	187-264	7vxq.cif	B	30.0	{257, 258, 259, 260, 261, 262, 264, 150, 151, 152, 153, 154, 155, 156, 157, 31, 160, 159, 32, 33, 34, 187, 234, 238, 239, 240, 241, 242, 119, 123}	146	78	268	12	0.4	84	0.575	37	0.474	121	0.54	181	0.204	80	26	0.548	0.178	37	0	0.474	0.0	126	32	0.47	0.119
95	Q941M3	3a9u	31-397	448-523	3a9u.cif	A	12.0	{448, 192, 384, 519, 523, 369, 370, 371, 373, 374, 190, 191}	359	76	523	6	0.5	204	0.556	40	0.526	244	0.551	289	0.539	145	72	0.404	0.201	26	25	0.342	0.329	197	117	0.377	0.224
96	Q941M3	3a9v	31-397	448-523	3a9v.cif	A	20.0	{283, 191, 192, 448, 193, 470, 471, 105, 107, 108, 109, 111, 112, 499, 500, 501, 502, 503, 504, 505}	367	76	528	9	0.45	204	0.556	40	0.526	244	0.551	289	0.539	153	81	0.417	0.221	27	25	0.355	0.329	204	127	0.386	0.241
97	Q941M3	3ni2	31-397	448-523	3ni2.cif	A	24.0	{280, 283, 191, 448, 192, 193, 451, 470, 471, 472, 105, 234, 107, 108, 109, 111, 112, 499, 500, 501, 502, 503, 504, 505}	367	76	528	12	0.5	204	0.556	40	0.526	244	0.551	289	0.539	151	81	0.411	0.221	24	25	0.316	0.329	201	127	0.381	0.241
98	H6SG27	5n9w	24-376	438-515	5n9w.cif	A	23.0	{512, 513, 514, 515, 259, 257, 285, 286, 287, 166, 167, 168, 314, 443, 450, 208, 210, 211, 99, 101, 106, 510, 511}	334	71	477	5	0.217	205	0.581	43	0.551	248	0.575	293	0.554	137	78	0.41	0.234	25	26	0.352	0.366	191	130	0.4	0.273
99	H6SG27	5n9x	24-376	438-515	5n9x.cif	A	18.0	{512, 257, 513, 515, 514, 101, 102, 259, 450, 99, 510, 207, 208, 210, 211, 285, 286, 511}	344	70	489	5	0.278	205	0.581	43	0.551	248	0.575	293	0.554	137	79	0.398	0.23	25	21	0.357	0.3	191	128	0.391	0.262
100	F2Z6J5	3ayx	63-211	231-312	3ayx.cif	B	39.0	{277, 278, 279, 282, 283, 284, 285, 286, 160, 164, 166, 167, 169, 170, 171, 301, 302, 303, 304, 305, 306, 307, 308, 182, 194, 195, 196, 197, 198, 199, 200, 201, 72, 203, 204, 74, 202, 69, 231}	149	82	273	10	0.256	78	0.523	23	0.28	101	0.437	139	0.158	79	21	0.53	0.141	11	0	0.134	0.0	106	21	0.388	0.077
101	F2Z6J5	3ayz	63-211	231-312	3ayz.cif	B	39.0	{277, 278, 279, 282, 283, 284, 285, 286, 160, 164, 166, 167, 169, 170, 171, 301, 302, 303, 304, 305, 306, 307, 308, 182, 194, 195, 196, 197, 198, 69, 200, 201, 202, 203, 204, 74, 72, 199, 231}	149	82	273	10	0.256	78	0.523	23	0.28	101	0.437	139	0.158	81	18	0.544	0.121	11	0	0.134	0.0	108	18	0.396	0.066
102	Q9I5E6	6s62	18-267	300-476	6s62.cif	A	45.0	{406, 412, 414, 33, 161, 37, 39, 40, 43, 44, 46, 47, 48, 305, 50, 51, 303, 304, 54, 53, 440, 443, 447, 450, 451, 453, 454, 457, 458, 460, 461, 462, 79, 80, 341, 471, 474, 475, 476, 102, 105, 106, 107, 108, 111}	250	177	485	21	0.467	142	0.568	87	0.492	229	0.536	262	0.53	174	8	0.696	0.032	114	23	0.644	0.13	320	31	0.66	0.064
103	Q87I71	2p3y	95-204	361-467	2p3y.cif	A	27.0	{394, 398, 400, 404, 405, 406, 409, 413, 414, 415, 416, 420, 191, 457, 459, 461, 463, 98, 99, 100, 101, 102, 103, 104, 361, 106, 105}	107	106	447	11	0.407	57	0.518	44	0.411	101	0.465	219	0.446	23	34	0.215	0.318	2	40	0.019	0.377	141	96	0.315	0.215
104	Q87I71	3vb9	95-204	361-467	3vb9.cif	A	36.0	{132, 393, 394, 396, 398, 400, 404, 405, 406, 408, 409, 413, 415, 416, 418, 420, 191, 193, 194, 195, 457, 459, 461, 463, 98, 99, 100, 101, 102, 103, 104, 105, 361, 106, 107, 363}	107	106	446	15	0.417	57	0.518	44	0.411	101	0.465	218	0.451	23	34	0.215	0.318	5	44	0.047	0.415	141	106	0.316	0.238
105	Q8X5N8	1u9t	27-155	204-335	1u9t.cif	A	57.0	{128, 130, 132, 133, 134, 135, 266, 273, 274, 275, 276, 277, 278, 279, 282, 305, 307, 309, 310, 311, 64, 65, 66, 67, 68, 70, 71, 72, 73, 74, 75, 76, 77, 94, 95, 96, 97, 98, 99, 100, 101, 102, 105, 106, 242, 243, 244, 245, 246, 247, 248, 249, 250, 251, 252, 253, 254}	128	131	325	28	0.491	63	0.488	66	0.5	129	0.494	172	0.486	31	46	0.242	0.359	29	57	0.221	0.435	100	103	0.308	0.317
106	Q8X5N8	4cdp	27-155	204-335	4cdp.cif	A	62.0	{128, 130, 132, 133, 134, 135, 266, 273, 274, 275, 276, 277, 278, 279, 282, 305, 307, 309, 310, 311, 312, 317, 64, 65, 66, 67, 68, 69, 70, 71, 72, 73, 74, 75, 76, 94, 95, 96, 97, 98, 99, 100, 101, 102, 103, 105, 106, 239, 242, 243, 244, 245, 246, 247, 248, 249, 250, 251, 252, 253, 254, 255}	129	132	331	31	0.5	63	0.488	66	0.5	129	0.494	172	0.486	35	49	0.271	0.38	37	55	0.28	0.417	106	104	0.32	0.314
107	Q47NR5	6e8o	33-399	450-525	6e8o.cif	A	25.0	{283, 284, 287, 450, 197, 198, 199, 200, 454, 472, 473, 474, 108, 109, 110, 111, 112, 113, 501, 502, 503, 504, 505, 506, 507}	367	75	536	15	0.6	212	0.578	40	0.526	252	0.569	297	0.544	153	87	0.417	0.237	26	25	0.347	0.333	222	133	0.414	0.248
108	Q47NR5	6e97	33-399	450-525	6e97.cif	A	28.0	{283, 284, 287, 288, 291, 450, 453, 198, 197, 199, 454, 200, 472, 473, 474, 108, 109, 110, 111, 112, 113, 501, 502, 503, 504, 505, 506, 507}	367	74	535	16	0.571	212	0.578	40	0.526	252	0.569	297	0.544	154	87	0.42	0.237	29	25	0.392	0.338	227	133	0.424	0.249
109	M4GWN4	7a9i	7-368	418-493	7a9i.cif	A	10.0	{418, 421, 295, 424, 425, 296, 299, 332, 333, 334}	351	71	500	2	0.2	163	0.45	39	0.513	202	0.461	241	0.449	155	82	0.442	0.234	26	25	0.366	0.352	208	136	0.416	0.272
110	M4GWN4	7a9j	7-368	418-493	7a9j.cif	A	10.0	{418, 421, 295, 296, 425, 424, 299, 332, 333, 334}	353	72	502	2	0.2	163	0.45	39	0.513	202	0.461	242	0.451	156	82	0.442	0.232	26	25	0.361	0.347	209	136	0.416	0.271
111	Q6NC13	4rmn	22-387	437-512	4rmn.cif	A	21.0	{276, 277, 280, 304, 305, 307, 437, 309, 310, 184, 313, 460, 461, 462, 463, 464, 94, 96, 97, 491, 493}	361	76	512	10	0.476	215	0.587	40	0.526	255	0.577	294	0.561	124	79	0.343	0.219	25	23	0.329	0.303	174	126	0.34	0.246
112	Q6NC13	4zjz	22-387	437-512	4zjz.cif	A	19.0	{276, 277, 280, 304, 305, 307, 437, 310, 184, 313, 460, 461, 462, 463, 464, 94, 96, 491, 493}	361	76	511	9	0.474	215	0.587	40	0.526	255	0.577	294	0.561	128	79	0.355	0.219	23	23	0.303	0.303	177	123	0.346	0.241
113	B9PW60	4ir8	11-171	201-324	4ir8.cif	A	74.0	{128, 153, 140, 270, 143, 272, 145, 146, 274, 147, 277, 149, 144, 280, 281, 154, 283, 284, 148, 156, 151, 155, 158, 157, 164, 165, 166, 167, 168, 297, 298, 299, 295, 301, 302, 300, 304, 170, 111, 305, 303, 152, 296, 278, 86, 87, 88, 89, 247, 91, 273, 121, 122, 105, 106, 107, 276, 110, 239, 240, 113, 242, 243, 244, 241, 246, 119, 120, 114, 250, 123, 124, 125, 126}	147	124	310	43	0.581	78	0.484	67	0.54	145	0.509	178	0.513	67	40	0.456	0.272	57	17	0.46	0.137	135	67	0.435	0.216
114	A0R0V0	5kei	52-416	472-546	5kei.cif	A	21.0	{387, 389, 390, 391, 392, 393, 522, 403, 405, 542, 543, 544, 546, 216, 217, 218, 475, 474, 219, 478, 221}	353	75	527	8	0.381	228	0.625	48	0.64	276	0.627	337	0.604	141	77	0.399	0.218	24	25	0.32	0.333	199	125	0.378	0.237
115	P83789	1ru3	41-122	488-732	1ru3.cif	A	0.0	0	82	245	728	0	0.0	45	0.549	127	0.518	172	0.526	394	0.538	59	0	0.72	0.0	108	35	0.441	0.143	348	96	0.478	0.132
116	Q9L869	1e3d	17-163	182-264	1e3d.cif	A	35.0	{256, 257, 258, 146, 147, 148, 149, 150, 151, 152, 153, 26, 155, 28, 156, 182, 228, 229, 233, 234, 235, 236, 237, 251, 124, 113, 117, 119, 120, 122, 123, 252, 253, 254, 255}	147	83	262	17	0.486	84	0.571	38	0.458	122	0.53	142	0.176	81	18	0.551	0.122	48	0	0.578	0.0	136	25	0.519	0.095
117	D3RV29	3myr	64-210	230-309	3myr.cif	A	38.0	{276, 277, 278, 281, 282, 283, 284, 285, 162, 166, 168, 169, 171, 300, 301, 302, 173, 304, 305, 306, 307, 172, 303, 193, 194, 195, 196, 197, 70, 198, 200, 73, 202, 201, 203, 75, 199, 230}	147	80	268	10	0.263	87	0.592	23	0.287	110	0.485	149	0.18	68	22	0.463	0.15	5	0	0.062	0.0	99	22	0.369	0.082
118	F3Y661	4wv3	17-378	428-506	4wv3.cif	A	29.0	{266, 268, 271, 272, 275, 294, 295, 298, 299, 300, 301, 431, 176, 434, 435, 440, 441, 463, 464, 219, 220, 93, 91, 501, 502, 503, 504, 505, 506}	356	79	510	15	0.517	200	0.552	38	0.481	238	0.54	281	0.531	131	79	0.368	0.222	28	24	0.354	0.304	188	127	0.369	0.249
119	Q2TU34	5zwk	13-198	203-332	5zwk.cif	A	77.0	{96, 97, 98, 100, 101, 102, 103, 117, 118, 119, 122, 123, 126, 131, 132, 133, 134, 135, 136, 137, 138, 140, 150, 153, 154, 155, 156, 157, 158, 160, 161, 162, 163, 164, 165, 166, 167, 173, 175, 177, 178, 179, 181, 182, 184, 246, 247, 248, 249, 250, 251, 253, 254, 257, 277, 279, 280, 281, 283, 284, 285, 287, 288, 290, 291, 292, 302, 303, 304, 305, 306, 307, 308, 309, 310, 311, 312}	178	130	319	46	0.597	97	0.522	68	0.523	165	0.522	174	0.5	78	57	0.438	0.32	64	16	0.492	0.123	145	73	0.455	0.229
120	A9T230	5iz1	93-291	295-424	5iz1.cif	A	77.0	{173, 176, 177, 179, 180, 182, 195, 197, 200, 206, 209, 210, 211, 212, 213, 214, 215, 216, 218, 236, 239, 240, 242, 243, 246, 247, 248, 249, 252, 253, 254, 255, 256, 257, 258, 259, 265, 267, 268, 269, 270, 271, 272, 273, 274, 290, 338, 339, 340, 341, 342, 343, 345, 346, 349, 350, 367, 369, 371, 372, 373, 375, 376, 377, 379, 380, 383, 384, 396, 398, 399, 400, 401, 402, 403, 404, 406}	183	130	321	20	0.26	96	0.482	20	0.154	116	0.353	161	0.478	68	51	0.372	0.279	55	22	0.423	0.169	126	73	0.393	0.227
121	P0AG30	1a62	1-47	48-123	1a62.cif	A	28.0	{2, 3, 4, 7, 32, 36, 39, 40, 42, 43, 46, 47, 48, 49, 50, 51, 52, 67, 76, 77, 79, 101, 103, 104, 105, 109, 110, 111}	44	76	122	14	0.5	20	0.426	38	0.5	58	0.472	60	0.462	40	0	0.909	0.0	49	27	0.645	0.355	91	27	0.746	0.221
122	P0AG30	1a63	1-47	48-123	1a63.cif	A	24.0	{1, 2, 3, 4, 7, 32, 35, 36, 39, 42, 43, 46, 47, 48, 49, 50, 51, 52, 76, 77, 79, 101, 109, 111}	47	76	130	14	0.583	23	0.489	38	0.5	61	0.496	63	0.485	34	0	0.723	0.0	7	21	0.092	0.276	41	21	0.315	0.162
123	P0AG30	3ice	1-47	48-123	3ice.cif	A	26.0	{2, 3, 4, 7, 32, 36, 39, 40, 42, 43, 46, 47, 48, 49, 50, 51, 52, 67, 69, 76, 77, 79, 100, 101, 103, 111}	29	76	385	12	0.462	20	0.426	38	0.5	58	0.472	195	0.449	24	0	0.828	0.0	15	30	0.197	0.395	188	68	0.488	0.177
124	P0AG30	6wa8	1-47	48-123	6wa8.cif	A	30.0	{1, 2, 3, 4, 7, 36, 39, 40, 43, 44, 46, 47, 48, 49, 50, 51, 52, 67, 76, 77, 79, 101, 103, 104, 105, 106, 108, 109, 110, 111}	47	76	417	15	0.5	23	0.489	38	0.5	61	0.496	210	0.501	39	0	0.83	0.0	8	24	0.105	0.316	189	73	0.453	0.175
125	P0AG30	7x2r	1-47	48-123	7x2r.cif	A	31.0	{1, 2, 3, 4, 7, 8, 32, 35, 36, 39, 40, 42, 43, 45, 46, 47, 48, 49, 50, 51, 52, 67, 69, 76, 77, 100, 101, 102, 103, 104, 111}	47	76	408	15	0.484	23	0.489	38	0.5	61	0.496	210	0.501	34	0	0.723	0.0	14	31	0.184	0.408	203	80	0.498	0.196
126	P0AG30	8peu	1-47	48-123	8peu.cif	A	35.0	{1, 2, 3, 4, 7, 8, 32, 33, 35, 36, 39, 40, 43, 46, 47, 48, 49, 50, 51, 52, 67, 69, 70, 73, 74, 75, 76, 77, 101, 103, 104, 105, 109, 110, 111}	47	76	419	18	0.514	23	0.489	38	0.5	61	0.496	210	0.345	36	0	0.766	0.0	8	22	0.105	0.289	199	72	0.475	0.172
127	P0AG30	8pew	1-47	48-123	8pew.cif	A	31.0	{1, 2, 3, 4, 7, 8, 32, 33, 35, 36, 39, 40, 43, 46, 47, 48, 49, 50, 51, 52, 67, 69, 70, 76, 77, 101, 103, 104, 109, 110, 111}	47	76	419	15	0.484	23	0.489	38	0.5	61	0.496	210	0.345	35	0	0.745	0.0	8	31	0.105	0.408	199	74	0.475	0.177
128	P0AG30	8pex	1-47	48-123	8pex.cif	A	38.0	{1, 2, 3, 4, 7, 8, 30, 32, 33, 35, 36, 39, 40, 42, 43, 44, 46, 47, 48, 49, 50, 51, 52, 67, 69, 70, 73, 75, 76, 77, 79, 101, 103, 104, 105, 109, 110, 111}	47	76	418	18	0.474	23	0.489	38	0.5	61	0.496	210	0.345	36	0	0.766	0.0	8	25	0.105	0.329	191	71	0.457	0.17
129	P0AG30	8ptg	1-47	48-123	8ptg.cif	A	28.0	{1, 2, 3, 4, 7, 32, 36, 39, 40, 42, 43, 44, 46, 47, 48, 49, 50, 51, 52, 67, 69, 76, 77, 79, 101, 103, 104, 111}	47	76	419	15	0.536	23	0.489	38	0.5	61	0.496	210	0.405	35	0	0.745	0.0	9	29	0.118	0.382	203	78	0.484	0.186
130	P0AG30	8ptm	1-47	48-123	8ptm.cif	A	29.0	{1, 2, 3, 4, 7, 32, 35, 36, 39, 40, 43, 44, 46, 47, 48, 49, 50, 51, 52, 67, 69, 70, 76, 77, 79, 101, 103, 104, 111}	47	76	418	16	0.552	23	0.489	38	0.5	61	0.496	210	0.416	36	0	0.766	0.0	10	30	0.132	0.395	209	82	0.5	0.196
131	P0AG30	8ptn	1-47	48-123	8ptn.cif	A	27.0	{1, 2, 3, 4, 7, 32, 35, 36, 39, 40, 42, 43, 46, 47, 48, 49, 50, 51, 52, 69, 76, 77, 101, 103, 104, 109, 111}	47	76	418	15	0.556	23	0.489	38	0.5	61	0.496	210	0.416	37	0	0.787	0.0	9	31	0.118	0.408	200	71	0.478	0.17
132	P0AG30	8pto	1-47	48-123	8pto.cif	A	24.0	{1, 2, 3, 4, 7, 36, 39, 40, 43, 46, 47, 48, 49, 50, 51, 52, 69, 76, 77, 79, 101, 103, 104, 111}	47	76	418	15	0.625	23	0.489	38	0.5	61	0.496	210	0.416	37	0	0.787	0.0	9	26	0.118	0.342	222	72	0.531	0.172
133	P0AG30	8ptp	1-47	48-123	8ptp.cif	A	24.0	{1, 2, 3, 4, 7, 8, 32, 36, 39, 43, 46, 47, 48, 49, 50, 51, 52, 69, 76, 77, 101, 103, 104, 111}	47	76	418	14	0.583	23	0.489	38	0.5	61	0.496	210	0.416	38	0	0.809	0.0	9	30	0.118	0.395	205	86	0.49	0.206
134	P0AG30	8q3n	1-47	48-123	8q3n.cif	A	27.0	{1, 2, 3, 4, 7, 32, 35, 36, 39, 40, 42, 43, 46, 47, 48, 49, 50, 51, 52, 69, 76, 77, 101, 103, 104, 109, 111}	47	76	418	15	0.556	23	0.489	38	0.5	61	0.496	210	0.501	36	0	0.766	0.0	8	31	0.105	0.408	206	78	0.493	0.187
135	P0AG30	8q3o	1-47	48-123	8q3o.cif	A	31.0	{1, 2, 3, 4, 6, 7, 32, 35, 36, 39, 40, 42, 43, 44, 46, 47, 48, 49, 50, 51, 52, 67, 69, 77, 79, 101, 102, 103, 104, 106, 111}	47	76	418	16	0.516	23	0.489	38	0.5	61	0.496	210	0.501	37	0	0.787	0.0	8	29	0.105	0.382	212	69	0.507	0.165
136	P0AG30	8w8d	1-47	48-123	8w8d.cif	A	27.0	{1, 2, 3, 4, 7, 30, 32, 36, 39, 40, 42, 43, 44, 45, 46, 47, 48, 49, 50, 51, 69, 76, 77, 100, 101, 103, 111}	47	76	414	13	0.481	23	0.489	38	0.5	61	0.496	210	0.417	32	0	0.681	0.0	14	30	0.184	0.395	198	74	0.478	0.179
137	P23687	1e5t	1-426	427-710	1e5t.cif	A	207.0	{512, 1, 2, 515, 4, 513, 6, 519, 7, 9, 11, 17, 19, 20, 22, 24, 25, 26, 28, 29, 31, 32, 39, 42, 43, 46, 47, 49, 50, 51, 52, 53, 54, 56, 57, 59, 60, 62, 63, 64, 66, 67, 68, 70, 71, 582, 585, 73, 584, 588, 589, 590, 591, 587, 593, 594, 597, 598, 602, 603, 604, 93, 605, 94, 608, 97, 96, 91, 612, 95, 617, 618, 122, 123, 124, 634, 126, 639, 640, 128, 642, 643, 641, 645, 647, 650, 651, 653, 654, 655, 145, 146, 147, 148, 149, 150, 661, 658, 657, 666, 667, 668, 669, 670, 671, 672, 673, 674, 677, 678, 679, 680, 682, 683, 172, 685, 686, 173, 688, 689, 690, 691, 687, 693, 694, 695, 697, 698, 699, 701, 702, 703, 190, 706, 707, 708, 198, 199, 200, 201, 202, 203, 204, 205, 206, 233, 235, 253, 254, 256, 257, 309, 310, 311, 335, 337, 339, 354, 356, 357, 358, 380, 381, 399, 400, 401, 402, 403, 404, 425, 426, 427, 428, 429, 430, 432, 435, 436, 437, 439, 441, 451, 453, 455, 477, 479, 480, 481, 482, 483, 484, 485, 486, 487, 488, 489, 490, 491, 494, 495, 499, 501, 503, 508, 509, 510, 511}	424	283	707	94	0.454	187	0.439	148	0.521	335	0.472	335	0.472	60	185	0.142	0.436	134	51	0.473	0.18	194	236	0.274	0.334
138	P23687	1e8m	1-426	427-710	1e8m.cif	A	213.0	{512, 513, 2, 515, 3, 4, 6, 7, 1, 9, 519, 11, 13, 17, 19, 20, 22, 24, 25, 26, 28, 29, 31, 32, 39, 42, 43, 46, 47, 49, 50, 51, 52, 53, 54, 56, 57, 59, 60, 62, 63, 64, 66, 67, 68, 70, 71, 584, 585, 582, 587, 73, 589, 590, 591, 588, 593, 594, 595, 596, 597, 598, 602, 603, 604, 93, 94, 95, 608, 97, 96, 91, 612, 605, 617, 618, 122, 634, 124, 123, 126, 639, 128, 641, 642, 643, 640, 645, 647, 650, 651, 653, 654, 655, 657, 658, 147, 148, 661, 146, 149, 150, 145, 667, 668, 669, 670, 671, 672, 673, 674, 677, 678, 679, 680, 682, 683, 684, 685, 686, 173, 172, 687, 690, 691, 689, 693, 694, 695, 688, 697, 698, 699, 701, 702, 703, 190, 706, 707, 708, 198, 199, 200, 201, 202, 203, 204, 205, 206, 233, 235, 253, 254, 255, 256, 257, 309, 310, 311, 335, 337, 339, 354, 356, 357, 358, 380, 381, 399, 400, 401, 402, 403, 404, 425, 426, 427, 428, 429, 430, 432, 435, 436, 437, 439, 441, 451, 453, 455, 476, 477, 479, 480, 481, 482, 483, 484, 485, 486, 487, 488, 489, 490, 491, 494, 495, 499, 501, 503, 508, 509, 510, 511}	426	283	709	96	0.451	187	0.439	148	0.521	335	0.472	335	0.472	60	180	0.141	0.423	120	51	0.424	0.18	180	231	0.254	0.326
139	P23687	1e8n	1-426	427-710	1e8n.cif	A	216.0	{512, 513, 2, 515, 3, 4, 6, 7, 1, 9, 519, 11, 13, 17, 19, 20, 22, 24, 26, 28, 29, 31, 32, 39, 42, 43, 46, 47, 49, 50, 51, 52, 53, 54, 55, 56, 57, 59, 60, 62, 63, 64, 66, 67, 68, 70, 71, 584, 585, 582, 587, 588, 589, 590, 591, 73, 593, 594, 595, 596, 597, 598, 602, 603, 604, 91, 94, 605, 608, 96, 97, 95, 612, 93, 617, 618, 634, 123, 124, 122, 126, 639, 128, 640, 642, 643, 641, 645, 647, 650, 651, 653, 654, 655, 657, 658, 147, 148, 149, 150, 146, 145, 664, 666, 667, 668, 669, 670, 671, 672, 673, 674, 677, 678, 679, 680, 682, 683, 172, 684, 686, 173, 688, 689, 690, 691, 685, 687, 694, 695, 693, 697, 698, 699, 701, 702, 190, 703, 706, 707, 708, 198, 199, 200, 201, 202, 203, 204, 205, 206, 233, 235, 253, 254, 255, 256, 257, 661, 309, 310, 311, 335, 337, 339, 354, 356, 357, 358, 380, 381, 383, 399, 400, 401, 402, 403, 404, 425, 426, 427, 428, 429, 430, 432, 435, 436, 437, 439, 441, 451, 453, 455, 476, 477, 479, 480, 481, 482, 483, 484, 485, 486, 487, 488, 489, 490, 491, 494, 495, 499, 501, 503, 508, 509, 510, 511}	426	283	709	97	0.449	187	0.439	148	0.521	335	0.472	335	0.466	60	162	0.141	0.38	120	51	0.424	0.18	180	213	0.254	0.3
140	P23687	1h2w	1-426	427-710	1h2w.cif	A	216.0	{512, 1, 2, 515, 4, 513, 6, 519, 7, 9, 3, 11, 13, 17, 19, 20, 22, 24, 25, 26, 28, 29, 31, 32, 39, 42, 43, 46, 47, 49, 50, 51, 52, 53, 54, 56, 57, 59, 60, 62, 63, 64, 66, 67, 68, 70, 582, 584, 585, 73, 587, 588, 589, 590, 591, 71, 593, 594, 595, 596, 597, 598, 602, 603, 604, 93, 94, 95, 608, 97, 96, 605, 612, 617, 618, 122, 634, 124, 123, 126, 639, 640, 641, 642, 643, 128, 645, 647, 650, 651, 653, 654, 655, 657, 658, 145, 148, 661, 147, 146, 149, 150, 666, 667, 668, 669, 670, 671, 672, 673, 674, 677, 678, 679, 680, 682, 683, 684, 685, 686, 687, 688, 172, 690, 691, 173, 693, 694, 689, 695, 697, 698, 699, 701, 702, 703, 190, 706, 707, 708, 198, 199, 200, 201, 202, 203, 204, 205, 206, 233, 235, 253, 254, 255, 256, 257, 309, 310, 311, 335, 337, 339, 354, 356, 357, 358, 359, 380, 381, 383, 399, 400, 401, 402, 403, 404, 425, 426, 427, 428, 429, 430, 432, 435, 436, 437, 439, 441, 451, 453, 455, 91, 476, 477, 479, 480, 481, 482, 483, 484, 485, 486, 487, 488, 489, 490, 491, 494, 495, 499, 501, 503, 508, 509, 510, 511}	426	284	710	97	0.449	187	0.439	147	0.518	334	0.47	334	0.47	60	180	0.141	0.423	134	51	0.472	0.18	194	231	0.273	0.325
141	P23687	1h2x	1-426	427-710	1h2x.cif	A	216.0	{512, 1, 2, 515, 4, 3, 6, 519, 7, 9, 513, 11, 13, 17, 19, 20, 22, 24, 26, 28, 29, 31, 32, 39, 42, 43, 46, 47, 49, 50, 51, 52, 53, 54, 56, 57, 59, 60, 62, 63, 64, 66, 67, 68, 70, 71, 584, 585, 582, 587, 75, 589, 590, 591, 588, 593, 594, 595, 596, 597, 598, 602, 603, 604, 93, 94, 605, 608, 97, 96, 91, 612, 95, 617, 618, 634, 123, 124, 122, 126, 639, 128, 640, 642, 643, 641, 645, 647, 650, 651, 653, 654, 655, 657, 146, 147, 658, 149, 150, 148, 661, 145, 666, 667, 668, 669, 670, 671, 672, 673, 674, 677, 678, 679, 680, 682, 683, 684, 685, 686, 173, 687, 689, 690, 691, 172, 693, 694, 695, 688, 697, 698, 699, 701, 190, 702, 703, 706, 707, 708, 198, 199, 200, 201, 202, 203, 204, 205, 206, 233, 235, 253, 254, 255, 256, 257, 309, 310, 311, 335, 337, 339, 354, 356, 357, 358, 359, 73, 379, 380, 381, 399, 400, 401, 402, 403, 404, 425, 426, 427, 428, 429, 430, 432, 435, 436, 437, 439, 441, 451, 453, 455, 476, 477, 479, 480, 481, 482, 483, 484, 485, 486, 487, 488, 489, 490, 491, 494, 495, 499, 501, 503, 508, 509, 510, 511}	426	283	709	97	0.449	187	0.439	148	0.521	335	0.472	335	0.472	60	181	0.141	0.425	134	51	0.473	0.18	194	232	0.274	0.327
142	P23687	1h2y	1-426	427-710	1h2y.cif	A	216.0	{512, 1, 2, 515, 4, 513, 6, 7, 519, 9, 11, 13, 19, 20, 22, 24, 25, 26, 28, 29, 31, 32, 39, 42, 43, 46, 47, 49, 50, 51, 52, 53, 54, 56, 57, 59, 60, 62, 63, 64, 66, 67, 68, 70, 582, 71, 73, 585, 587, 588, 589, 590, 591, 584, 593, 594, 595, 596, 597, 598, 602, 91, 603, 605, 94, 95, 96, 97, 609, 93, 608, 612, 617, 618, 122, 123, 124, 634, 126, 639, 640, 641, 642, 643, 128, 645, 647, 650, 651, 653, 654, 655, 657, 146, 147, 148, 659, 661, 149, 145, 150, 658, 667, 668, 669, 670, 671, 672, 673, 674, 666, 677, 678, 679, 680, 682, 683, 172, 173, 686, 685, 688, 689, 690, 691, 684, 693, 694, 695, 687, 697, 698, 699, 701, 702, 703, 190, 706, 707, 708, 198, 199, 200, 201, 202, 203, 204, 205, 206, 233, 235, 253, 254, 255, 256, 257, 309, 310, 311, 335, 337, 339, 354, 356, 357, 358, 480, 379, 380, 381, 383, 399, 400, 401, 402, 403, 404, 425, 426, 427, 428, 429, 430, 432, 435, 436, 437, 439, 441, 451, 453, 455, 476, 477, 479, 604, 481, 482, 483, 484, 485, 486, 487, 488, 489, 490, 491, 494, 495, 499, 501, 503, 508, 509, 510, 511}	426	283	709	99	0.458	187	0.439	148	0.521	335	0.472	335	0.472	61	180	0.143	0.423	134	51	0.473	0.18	195	231	0.275	0.326
143	P23687	1h2z	1-426	427-710	1h2z.cif	A	214.0	{512, 1, 2, 515, 4, 513, 6, 7, 519, 9, 3, 11, 13, 17, 19, 20, 22, 24, 25, 26, 28, 29, 31, 32, 39, 42, 43, 46, 47, 49, 50, 51, 52, 53, 54, 56, 57, 59, 60, 62, 63, 64, 66, 67, 68, 582, 70, 584, 73, 585, 71, 588, 589, 590, 591, 587, 593, 594, 595, 597, 598, 602, 603, 91, 605, 94, 93, 608, 97, 96, 604, 612, 95, 617, 618, 122, 123, 124, 634, 126, 639, 640, 128, 642, 643, 641, 645, 647, 650, 651, 653, 654, 655, 145, 146, 658, 147, 149, 150, 148, 657, 664, 666, 667, 668, 669, 670, 671, 672, 673, 674, 677, 678, 679, 680, 682, 683, 684, 685, 686, 173, 172, 687, 690, 691, 689, 693, 694, 695, 688, 697, 698, 699, 701, 190, 703, 702, 706, 708, 198, 199, 200, 201, 202, 203, 204, 205, 206, 233, 235, 659, 253, 254, 255, 256, 257, 661, 309, 310, 311, 335, 337, 339, 354, 356, 357, 358, 380, 381, 399, 400, 401, 402, 403, 404, 425, 426, 427, 428, 429, 430, 432, 435, 436, 437, 439, 441, 451, 453, 455, 476, 477, 479, 480, 481, 482, 483, 484, 485, 486, 487, 488, 489, 490, 491, 494, 495, 499, 501, 503, 508, 509, 510, 511}	426	283	709	97	0.453	187	0.439	148	0.521	335	0.472	335	0.472	60	180	0.141	0.423	120	51	0.424	0.18	180	231	0.254	0.326
144	P23687	1o6f	1-426	427-710	1o6f.cif	A	217.0	{512, 1, 2, 515, 513, 4, 6, 7, 519, 9, 3, 11, 17, 19, 20, 22, 24, 25, 26, 28, 29, 31, 32, 39, 42, 43, 46, 47, 49, 50, 51, 52, 53, 54, 56, 57, 59, 60, 62, 63, 64, 66, 67, 68, 70, 582, 584, 585, 73, 75, 587, 589, 588, 591, 590, 593, 594, 595, 596, 597, 598, 602, 603, 91, 605, 94, 95, 96, 97, 608, 93, 612, 604, 617, 618, 634, 123, 124, 122, 126, 639, 640, 128, 642, 643, 645, 647, 650, 651, 653, 654, 655, 657, 145, 147, 146, 148, 149, 150, 661, 659, 658, 666, 668, 669, 670, 671, 672, 673, 674, 667, 677, 678, 679, 680, 682, 683, 172, 685, 686, 687, 688, 689, 690, 691, 684, 693, 694, 695, 697, 698, 699, 701, 702, 190, 703, 706, 707, 708, 198, 199, 200, 201, 202, 203, 204, 205, 206, 233, 235, 253, 254, 255, 256, 257, 305, 309, 310, 311, 335, 337, 339, 354, 356, 357, 358, 359, 71, 173, 380, 381, 383, 399, 400, 401, 402, 403, 404, 425, 426, 427, 428, 429, 430, 432, 435, 436, 437, 439, 441, 451, 453, 455, 476, 477, 479, 480, 481, 482, 483, 484, 485, 486, 487, 488, 489, 490, 491, 494, 495, 499, 501, 503, 508, 509, 510, 511}	426	283	709	98	0.452	187	0.439	148	0.521	335	0.472	335	0.472	60	180	0.141	0.423	133	51	0.47	0.18	193	231	0.272	0.326
145	P23687	1o6g	1-426	427-710	1o6g.cif	A	214.0	{512, 1, 2, 3, 4, 515, 6, 519, 513, 9, 7, 11, 17, 19, 20, 22, 24, 26, 28, 29, 31, 32, 34, 35, 39, 42, 43, 46, 47, 49, 50, 51, 52, 53, 54, 56, 57, 59, 60, 62, 63, 64, 66, 67, 68, 70, 71, 584, 585, 73, 582, 588, 589, 590, 591, 75, 593, 594, 587, 596, 597, 598, 595, 602, 603, 604, 93, 94, 95, 608, 97, 605, 91, 612, 96, 617, 618, 122, 123, 124, 634, 126, 639, 128, 640, 642, 643, 645, 647, 650, 651, 653, 654, 655, 657, 658, 146, 148, 147, 150, 661, 149, 666, 667, 668, 669, 670, 671, 672, 673, 674, 677, 678, 679, 680, 682, 683, 172, 685, 686, 684, 688, 689, 690, 173, 691, 693, 694, 695, 687, 697, 698, 699, 701, 702, 190, 703, 706, 707, 708, 198, 199, 200, 201, 202, 203, 204, 205, 206, 233, 235, 253, 254, 255, 256, 257, 309, 310, 311, 335, 337, 339, 354, 356, 357, 358, 359, 380, 381, 399, 400, 401, 402, 403, 404, 425, 426, 427, 428, 429, 430, 432, 435, 436, 437, 439, 441, 451, 453, 455, 476, 477, 479, 480, 481, 482, 483, 484, 485, 486, 487, 488, 489, 490, 491, 494, 495, 499, 501, 503, 508, 509, 510, 511}	425	283	708	96	0.449	187	0.439	147	0.518	334	0.47	334	0.47	48	273	0.113	0.642	121	162	0.428	0.572	169	435	0.239	0.614
146	P23687	1qfm	1-426	427-710	1qfm.cif	A	208.0	{512, 1, 2, 513, 515, 4, 6, 519, 7, 9, 11, 13, 17, 19, 20, 22, 24, 26, 28, 29, 31, 32, 39, 42, 43, 46, 47, 49, 50, 51, 52, 53, 54, 56, 59, 60, 62, 63, 64, 66, 67, 68, 70, 71, 584, 585, 73, 587, 588, 589, 590, 591, 593, 594, 596, 597, 598, 602, 603, 91, 93, 94, 95, 96, 97, 605, 608, 612, 604, 617, 618, 122, 123, 124, 634, 126, 639, 640, 641, 642, 643, 128, 645, 647, 650, 651, 653, 654, 655, 657, 146, 147, 658, 148, 661, 149, 145, 150, 666, 667, 668, 669, 670, 671, 672, 673, 674, 677, 678, 679, 680, 682, 683, 684, 685, 686, 172, 688, 689, 173, 691, 690, 693, 694, 695, 687, 697, 698, 699, 701, 702, 703, 190, 706, 708, 198, 199, 200, 201, 202, 203, 204, 205, 206, 233, 235, 253, 254, 256, 257, 309, 310, 311, 335, 337, 339, 354, 356, 357, 358, 359, 582, 380, 381, 399, 400, 401, 402, 403, 404, 425, 426, 427, 428, 429, 430, 432, 435, 436, 437, 439, 441, 451, 453, 455, 477, 479, 480, 481, 482, 483, 484, 485, 486, 487, 488, 489, 490, 491, 494, 495, 499, 501, 503, 508, 509, 510, 511}	422	283	705	94	0.452	187	0.439	147	0.518	334	0.47	334	0.47	52	353	0.123	0.836	117	166	0.413	0.587	169	519	0.24	0.736
147	P23687	1qfs	1-426	427-710	1qfs.cif	A	215.0	{512, 1, 2, 515, 4, 513, 6, 7, 519, 9, 11, 17, 19, 20, 22, 24, 25, 26, 28, 29, 31, 32, 39, 42, 43, 46, 47, 49, 50, 51, 52, 53, 54, 56, 57, 59, 60, 62, 63, 64, 66, 67, 68, 70, 71, 584, 73, 585, 582, 588, 589, 590, 591, 72, 593, 587, 595, 594, 597, 598, 602, 603, 604, 93, 94, 95, 608, 97, 96, 605, 612, 617, 618, 634, 122, 123, 124, 126, 639, 128, 640, 642, 643, 641, 645, 647, 650, 651, 653, 654, 655, 657, 658, 146, 147, 661, 148, 659, 149, 145, 666, 667, 668, 669, 670, 671, 672, 673, 674, 677, 678, 679, 680, 682, 683, 684, 685, 686, 687, 173, 689, 690, 688, 172, 693, 694, 695, 691, 697, 698, 699, 701, 702, 703, 190, 706, 707, 708, 198, 199, 200, 201, 202, 203, 204, 205, 206, 233, 235, 150, 253, 254, 255, 256, 257, 309, 310, 311, 335, 337, 339, 354, 356, 357, 358, 74, 380, 381, 383, 399, 400, 401, 402, 403, 404, 425, 426, 427, 428, 429, 430, 432, 435, 436, 437, 439, 441, 451, 453, 455, 91, 476, 477, 479, 480, 481, 482, 483, 484, 485, 486, 487, 488, 489, 490, 491, 494, 495, 499, 501, 503, 508, 509, 510, 511}	426	284	710	99	0.46	187	0.439	147	0.518	334	0.47	334	0.47	53	160	0.124	0.376	114	51	0.401	0.18	167	211	0.235	0.297
148	P23687	1uoo	1-426	427-710	1uoo.cif	A	216.0	{512, 1, 2, 515, 4, 513, 6, 519, 7, 9, 11, 17, 19, 20, 22, 24, 25, 26, 28, 29, 31, 32, 39, 42, 43, 46, 47, 49, 50, 51, 52, 53, 54, 55, 56, 57, 59, 60, 62, 63, 64, 66, 67, 68, 70, 582, 584, 73, 585, 71, 588, 589, 590, 591, 587, 593, 594, 595, 596, 597, 598, 602, 603, 604, 93, 94, 95, 608, 97, 96, 91, 612, 605, 617, 618, 120, 634, 122, 123, 124, 126, 639, 640, 641, 642, 643, 128, 645, 647, 650, 651, 653, 654, 655, 145, 657, 147, 148, 661, 149, 150, 658, 146, 666, 667, 668, 669, 670, 671, 672, 673, 674, 677, 678, 679, 680, 682, 683, 172, 173, 686, 685, 688, 684, 690, 691, 689, 693, 694, 695, 687, 697, 698, 699, 701, 190, 703, 702, 706, 707, 708, 198, 199, 200, 201, 202, 203, 204, 205, 206, 233, 235, 253, 254, 255, 256, 257, 305, 309, 310, 311, 335, 337, 339, 354, 356, 357, 358, 380, 381, 383, 399, 400, 401, 402, 403, 404, 425, 426, 427, 428, 429, 430, 432, 435, 436, 437, 439, 441, 451, 453, 455, 476, 477, 479, 480, 481, 482, 483, 484, 485, 486, 487, 488, 489, 490, 491, 494, 495, 499, 501, 503, 508, 509, 510, 511}	426	283	709	97	0.449	187	0.439	148	0.521	335	0.472	335	0.469	60	181	0.141	0.425	118	51	0.417	0.18	178	232	0.251	0.327
149	P23687	1uop	1-426	427-710	1uop.cif	A	214.0	{512, 1, 2, 515, 4, 513, 6, 7, 519, 9, 11, 13, 17, 19, 20, 22, 24, 26, 28, 29, 31, 32, 39, 42, 43, 46, 47, 49, 50, 51, 52, 53, 54, 55, 56, 57, 59, 60, 62, 63, 64, 66, 67, 68, 70, 71, 582, 585, 73, 587, 588, 589, 590, 591, 584, 593, 594, 595, 596, 597, 598, 602, 91, 604, 93, 94, 95, 96, 97, 608, 605, 612, 617, 618, 634, 123, 124, 122, 126, 639, 640, 128, 642, 643, 641, 645, 647, 650, 651, 653, 654, 655, 657, 146, 147, 148, 149, 659, 658, 145, 150, 666, 667, 668, 669, 661, 671, 672, 673, 674, 670, 677, 678, 679, 680, 682, 683, 172, 685, 686, 173, 688, 689, 690, 691, 684, 693, 694, 695, 687, 697, 698, 699, 701, 702, 190, 703, 706, 707, 708, 198, 199, 200, 201, 202, 203, 204, 205, 206, 233, 235, 253, 254, 255, 256, 257, 309, 310, 311, 335, 337, 339, 354, 356, 357, 358, 380, 381, 383, 399, 400, 401, 402, 403, 404, 425, 426, 427, 428, 429, 430, 432, 435, 436, 437, 439, 441, 451, 453, 455, 603, 476, 477, 479, 480, 481, 482, 483, 484, 485, 486, 487, 488, 489, 490, 491, 494, 495, 501, 503, 508, 509, 510, 511}	426	283	709	97	0.453	187	0.439	148	0.521	335	0.472	335	0.469	60	181	0.141	0.425	120	51	0.424	0.18	180	232	0.254	0.327
150	P23687	1uoq	1-426	427-710	1uoq.cif	A	210.0	{512, 1, 2, 515, 4, 513, 6, 3, 7, 9, 519, 11, 17, 19, 20, 22, 24, 26, 28, 29, 31, 32, 39, 42, 43, 46, 47, 49, 50, 51, 52, 53, 54, 56, 57, 59, 60, 62, 63, 64, 66, 67, 68, 582, 70, 71, 585, 73, 587, 588, 589, 590, 591, 584, 593, 594, 595, 596, 597, 598, 602, 91, 603, 93, 94, 605, 96, 97, 608, 604, 612, 95, 617, 618, 122, 634, 124, 123, 126, 639, 640, 641, 642, 643, 128, 645, 647, 650, 651, 653, 654, 655, 145, 146, 147, 658, 149, 150, 148, 657, 661, 667, 668, 669, 670, 671, 672, 673, 674, 677, 678, 679, 680, 682, 683, 172, 684, 686, 687, 688, 685, 690, 689, 173, 693, 694, 695, 691, 697, 698, 699, 701, 702, 703, 190, 706, 708, 198, 199, 200, 201, 202, 203, 204, 205, 206, 233, 235, 253, 254, 255, 256, 257, 309, 310, 311, 335, 337, 339, 354, 356, 357, 358, 380, 381, 399, 400, 401, 402, 403, 404, 425, 426, 427, 428, 429, 430, 432, 435, 436, 437, 439, 441, 451, 453, 455, 476, 477, 479, 480, 481, 482, 483, 484, 485, 486, 487, 488, 489, 490, 491, 494, 495, 499, 501, 503, 508, 509, 510, 511}	426	283	709	96	0.457	187	0.439	148	0.521	335	0.472	335	0.469	61	179	0.143	0.42	120	51	0.424	0.18	181	230	0.255	0.324
151	P23687	1vz2	1-426	427-710	1vz2.cif	A	207.0	{512, 1, 2, 515, 4, 513, 6, 519, 7, 9, 11, 17, 19, 20, 22, 24, 25, 26, 28, 29, 31, 32, 39, 42, 43, 46, 47, 49, 50, 51, 52, 53, 54, 56, 57, 59, 60, 62, 63, 64, 66, 67, 68, 582, 70, 71, 585, 584, 587, 588, 589, 590, 591, 593, 594, 596, 597, 598, 602, 91, 603, 93, 94, 605, 96, 608, 97, 95, 612, 604, 617, 618, 122, 634, 124, 123, 126, 639, 640, 128, 642, 643, 641, 645, 647, 650, 651, 653, 654, 655, 145, 657, 147, 148, 658, 150, 661, 146, 149, 659, 667, 668, 669, 670, 671, 672, 673, 674, 677, 678, 679, 680, 682, 683, 684, 685, 686, 687, 172, 689, 690, 691, 173, 693, 694, 695, 688, 697, 698, 699, 701, 702, 703, 190, 706, 707, 708, 198, 199, 200, 201, 202, 203, 204, 205, 206, 233, 235, 253, 254, 256, 257, 309, 310, 311, 335, 337, 339, 354, 356, 357, 358, 380, 381, 383, 399, 400, 401, 402, 403, 404, 426, 428, 429, 430, 432, 435, 436, 437, 439, 441, 451, 453, 455, 477, 479, 480, 481, 482, 483, 484, 485, 486, 487, 488, 489, 490, 491, 494, 495, 499, 501, 503, 508, 509, 510, 511}	424	283	707	94	0.454	187	0.439	146	0.514	333	0.469	333	0.469	61	180	0.144	0.425	134	51	0.473	0.18	195	231	0.276	0.327
152	P23687	1vz3	1-426	427-710	1vz3.cif	A	211.0	{512, 1, 2, 515, 4, 513, 6, 7, 9, 11, 13, 17, 19, 20, 22, 24, 25, 26, 28, 29, 31, 32, 39, 42, 43, 46, 47, 49, 50, 51, 52, 53, 54, 56, 57, 59, 60, 62, 63, 64, 66, 67, 68, 70, 71, 584, 585, 73, 587, 588, 589, 590, 591, 593, 594, 595, 596, 598, 602, 91, 603, 93, 94, 605, 608, 97, 609, 95, 96, 604, 612, 617, 618, 122, 123, 124, 634, 126, 639, 640, 128, 642, 643, 641, 645, 647, 650, 651, 653, 654, 655, 657, 146, 147, 148, 658, 150, 149, 145, 661, 666, 667, 668, 669, 670, 671, 672, 673, 674, 677, 678, 679, 680, 682, 683, 172, 173, 686, 685, 688, 689, 690, 691, 684, 693, 694, 695, 687, 697, 698, 699, 701, 702, 703, 190, 706, 707, 708, 198, 199, 200, 201, 202, 203, 204, 205, 206, 233, 235, 254, 255, 257, 309, 310, 311, 335, 337, 339, 354, 356, 357, 358, 359, 582, 380, 381, 399, 400, 401, 402, 403, 404, 425, 426, 427, 428, 429, 430, 432, 435, 436, 437, 439, 441, 451, 453, 455, 476, 477, 479, 480, 481, 482, 483, 484, 485, 486, 487, 488, 489, 490, 491, 494, 495, 499, 501, 503, 508, 509, 510, 511}	426	283	709	95	0.45	187	0.439	147	0.518	334	0.47	334	0.47	60	180	0.141	0.423	132	51	0.466	0.18	192	231	0.271	0.326
153	P23687	2xdw	1-426	427-710	2xdw.cif	A	213.0	{512, 1, 2, 513, 4, 515, 6, 519, 7, 3, 9, 11, 13, 17, 19, 20, 22, 24, 26, 28, 29, 31, 32, 39, 42, 43, 46, 47, 49, 50, 51, 52, 53, 54, 56, 57, 59, 60, 62, 63, 64, 66, 67, 68, 70, 71, 584, 585, 73, 587, 588, 589, 590, 591, 593, 594, 595, 597, 598, 602, 91, 603, 93, 94, 95, 608, 96, 97, 605, 612, 604, 617, 618, 122, 123, 124, 634, 126, 639, 640, 128, 642, 643, 641, 645, 647, 650, 651, 653, 654, 655, 657, 658, 146, 147, 148, 661, 149, 145, 150, 666, 667, 668, 669, 670, 671, 672, 673, 674, 677, 678, 679, 680, 682, 683, 172, 685, 686, 687, 688, 689, 690, 691, 173, 693, 694, 695, 697, 698, 699, 701, 702, 703, 190, 706, 707, 708, 198, 199, 200, 201, 202, 203, 204, 205, 206, 233, 235, 253, 254, 255, 256, 257, 309, 310, 311, 335, 337, 339, 354, 356, 357, 358, 359, 582, 684, 380, 381, 399, 400, 401, 402, 403, 404, 425, 426, 427, 428, 429, 430, 432, 435, 436, 437, 439, 441, 451, 453, 455, 476, 477, 479, 480, 481, 482, 483, 484, 485, 486, 487, 488, 489, 490, 491, 494, 495, 499, 501, 503, 508, 509, 510, 511}	426	284	710	96	0.451	187	0.439	147	0.518	334	0.47	334	0.468	62	180	0.146	0.423	134	51	0.472	0.18	196	231	0.276	0.325
154	P23687	3eq7	1-426	427-710	3eq7.cif	A	207.0	{512, 513, 515, 6, 7, 9, 11, 17, 19, 20, 22, 24, 25, 26, 28, 29, 31, 32, 39, 42, 43, 46, 47, 49, 50, 51, 52, 53, 54, 56, 57, 59, 60, 62, 63, 64, 66, 67, 68, 582, 70, 584, 585, 73, 587, 588, 589, 590, 591, 71, 593, 594, 595, 597, 598, 602, 91, 603, 605, 94, 95, 96, 97, 609, 608, 604, 617, 618, 122, 123, 124, 634, 126, 639, 640, 641, 642, 128, 643, 645, 647, 650, 651, 653, 654, 655, 657, 658, 147, 146, 148, 150, 145, 661, 149, 668, 669, 670, 671, 672, 673, 674, 675, 677, 678, 679, 680, 682, 683, 172, 685, 173, 686, 688, 689, 690, 691, 684, 693, 694, 695, 687, 697, 698, 699, 701, 702, 190, 703, 706, 707, 708, 198, 199, 200, 201, 202, 203, 204, 205, 206, 233, 235, 253, 254, 255, 256, 257, 309, 310, 311, 335, 337, 339, 354, 356, 357, 358, 359, 379, 380, 381, 383, 399, 400, 401, 402, 403, 404, 425, 426, 427, 428, 429, 430, 432, 435, 437, 439, 441, 451, 453, 455, 476, 477, 479, 480, 481, 482, 483, 484, 485, 486, 487, 488, 489, 490, 491, 494, 495, 499, 501, 503, 508, 509, 510, 511}	423	284	707	92	0.444	187	0.439	147	0.518	334	0.47	334	0.47	55	182	0.13	0.43	125	53	0.44	0.187	180	235	0.255	0.332
155	P23687	3eq8	1-426	427-710	3eq8.cif	A	213.0	{512, 513, 2, 515, 3, 6, 7, 8, 9, 11, 17, 19, 20, 22, 24, 26, 28, 29, 31, 32, 39, 42, 43, 46, 47, 49, 50, 51, 52, 53, 54, 56, 57, 59, 60, 62, 63, 64, 66, 67, 68, 70, 71, 584, 585, 73, 587, 588, 589, 590, 591, 72, 593, 594, 74, 595, 597, 598, 602, 91, 603, 605, 94, 95, 96, 97, 608, 604, 612, 617, 618, 634, 122, 124, 123, 126, 639, 640, 641, 642, 643, 128, 645, 647, 650, 651, 653, 654, 655, 657, 658, 147, 145, 146, 148, 149, 150, 661, 662, 667, 668, 669, 670, 671, 672, 673, 674, 677, 678, 679, 680, 682, 683, 684, 173, 686, 172, 688, 689, 690, 691, 685, 687, 694, 695, 693, 697, 698, 699, 701, 702, 703, 190, 706, 707, 708, 198, 199, 200, 201, 202, 203, 204, 205, 206, 233, 235, 253, 254, 255, 256, 257, 309, 310, 311, 335, 337, 339, 354, 356, 357, 358, 582, 379, 380, 381, 383, 399, 400, 401, 402, 403, 404, 425, 426, 427, 428, 429, 430, 432, 435, 436, 437, 439, 441, 451, 453, 455, 476, 477, 479, 480, 481, 482, 483, 484, 485, 486, 487, 488, 489, 490, 491, 493, 494, 495, 499, 501, 503, 508, 509, 510, 511}	425	284	709	95	0.446	187	0.439	147	0.518	334	0.47	334	0.47	61	175	0.144	0.412	123	51	0.433	0.18	184	226	0.26	0.319
156	P23687	3eq9	1-426	427-710	3eq9.cif	A	205.0	{512, 513, 515, 4, 6, 7, 9, 11, 19, 20, 22, 24, 26, 28, 29, 31, 32, 39, 42, 43, 46, 47, 49, 50, 51, 53, 54, 56, 57, 59, 60, 62, 63, 64, 66, 67, 68, 69, 70, 71, 584, 585, 73, 582, 588, 589, 590, 591, 72, 593, 594, 595, 587, 597, 598, 602, 603, 91, 604, 94, 605, 608, 97, 96, 95, 609, 617, 618, 634, 122, 124, 123, 126, 639, 640, 128, 642, 643, 641, 645, 647, 650, 651, 653, 654, 655, 145, 658, 147, 148, 661, 146, 149, 657, 662, 150, 659, 668, 669, 670, 671, 672, 673, 674, 677, 678, 679, 680, 682, 683, 684, 685, 686, 687, 173, 172, 690, 691, 688, 693, 694, 695, 697, 698, 699, 701, 702, 190, 703, 706, 707, 708, 198, 199, 200, 201, 202, 203, 204, 205, 206, 233, 235, 253, 254, 255, 256, 257, 309, 310, 311, 335, 337, 339, 354, 356, 357, 358, 379, 380, 381, 383, 399, 400, 401, 402, 403, 404, 425, 426, 427, 428, 429, 430, 432, 435, 436, 437, 439, 441, 451, 453, 455, 476, 477, 479, 480, 481, 482, 483, 484, 485, 486, 487, 488, 489, 490, 494, 495, 501, 503, 508, 509, 510, 511}	424	284	708	90	0.439	187	0.439	147	0.518	334	0.47	334	0.47	56	177	0.132	0.417	131	51	0.461	0.18	187	228	0.264	0.322
157	P23687	4amy	1-426	427-710	4amy.cif	A	214.0	{512, 1, 2, 515, 4, 513, 6, 519, 7, 9, 11, 13, 17, 19, 20, 22, 24, 25, 26, 28, 29, 31, 32, 39, 42, 43, 46, 47, 49, 50, 51, 52, 53, 54, 55, 56, 57, 59, 60, 62, 63, 64, 66, 67, 68, 70, 582, 584, 73, 585, 587, 588, 589, 590, 591, 71, 593, 594, 595, 597, 598, 602, 91, 604, 605, 94, 603, 96, 608, 97, 95, 612, 93, 617, 618, 122, 123, 124, 634, 126, 639, 640, 641, 642, 643, 128, 645, 647, 650, 651, 653, 654, 655, 657, 146, 147, 148, 659, 658, 145, 661, 149, 666, 667, 150, 669, 670, 671, 672, 673, 674, 668, 677, 678, 679, 680, 682, 683, 172, 684, 173, 686, 688, 685, 690, 691, 687, 693, 694, 695, 689, 697, 698, 699, 701, 702, 190, 703, 706, 707, 708, 198, 199, 200, 201, 202, 203, 204, 205, 206, 233, 235, 253, 254, 255, 256, 257, 309, 310, 311, 335, 337, 339, 354, 356, 357, 358, 380, 381, 399, 400, 401, 402, 403, 404, 425, 426, 427, 428, 429, 430, 432, 435, 436, 437, 439, 441, 451, 453, 455, 476, 477, 479, 480, 481, 482, 483, 484, 485, 486, 487, 488, 489, 490, 491, 494, 495, 499, 501, 503, 508, 509, 510, 511}	426	284	710	97	0.453	187	0.439	147	0.518	334	0.47	334	0.47	60	184	0.141	0.432	132	51	0.465	0.18	192	235	0.27	0.331
158	P23687	4amz	1-426	427-710	4amz.cif	A	215.0	{512, 1, 2, 515, 3, 513, 6, 7, 519, 9, 4, 11, 13, 17, 19, 20, 22, 24, 26, 28, 29, 31, 32, 39, 42, 43, 46, 47, 49, 50, 51, 52, 53, 54, 55, 56, 57, 59, 60, 62, 63, 64, 66, 67, 68, 582, 70, 71, 585, 73, 587, 588, 589, 590, 591, 584, 593, 594, 595, 597, 598, 602, 91, 604, 603, 94, 95, 96, 608, 97, 93, 612, 605, 617, 618, 122, 634, 124, 123, 126, 639, 640, 641, 642, 643, 128, 645, 647, 650, 651, 653, 654, 655, 657, 146, 659, 148, 149, 150, 147, 658, 661, 666, 667, 668, 669, 670, 671, 672, 673, 674, 677, 678, 679, 680, 682, 683, 684, 685, 686, 687, 173, 172, 690, 691, 688, 693, 694, 695, 689, 697, 698, 699, 701, 702, 703, 190, 706, 707, 708, 198, 199, 200, 201, 202, 203, 204, 205, 206, 145, 233, 235, 253, 254, 255, 256, 257, 305, 309, 310, 311, 335, 337, 339, 354, 356, 357, 358, 380, 381, 399, 400, 401, 402, 403, 404, 425, 426, 427, 428, 429, 430, 432, 435, 436, 437, 439, 441, 451, 453, 455, 476, 477, 479, 480, 481, 482, 483, 484, 485, 486, 487, 488, 489, 490, 491, 494, 495, 499, 501, 503, 508, 509, 510, 511}	426	284	710	97	0.451	187	0.439	147	0.518	334	0.47	334	0.47	60	180	0.141	0.423	134	51	0.472	0.18	194	231	0.273	0.325
159	P23687	4an0	1-426	427-710	4an0.cif	A	215.0	{512, 1, 513, 2, 3, 4, 6, 7, 515, 519, 9, 11, 17, 19, 20, 22, 24, 25, 26, 28, 29, 31, 32, 39, 42, 43, 46, 47, 49, 50, 51, 52, 53, 54, 55, 56, 57, 59, 60, 62, 63, 64, 66, 67, 68, 582, 71, 70, 585, 73, 587, 588, 589, 590, 591, 584, 593, 594, 595, 597, 598, 602, 603, 604, 93, 94, 95, 608, 97, 96, 91, 612, 605, 617, 618, 634, 123, 124, 122, 126, 639, 640, 128, 642, 643, 641, 645, 647, 650, 651, 653, 654, 655, 145, 146, 147, 657, 149, 150, 661, 658, 659, 148, 667, 668, 669, 670, 671, 672, 673, 674, 666, 677, 678, 679, 680, 682, 683, 684, 173, 685, 686, 172, 689, 690, 691, 688, 693, 694, 695, 687, 697, 698, 699, 701, 702, 703, 190, 706, 707, 708, 198, 199, 200, 201, 202, 203, 204, 205, 206, 233, 235, 253, 254, 255, 256, 257, 305, 309, 310, 311, 335, 337, 339, 354, 356, 357, 358, 380, 381, 399, 400, 401, 402, 403, 404, 425, 426, 427, 428, 429, 430, 432, 435, 436, 437, 439, 441, 451, 453, 455, 476, 477, 479, 480, 481, 482, 483, 484, 485, 486, 487, 488, 489, 490, 491, 494, 495, 499, 501, 503, 508, 509, 510, 511}	426	284	710	97	0.451	187	0.439	147	0.518	334	0.47	334	0.47	60	180	0.141	0.423	134	51	0.472	0.18	194	231	0.273	0.325
160	P23687	4an1	1-426	427-710	4an1.cif	A	215.0	{512, 1, 2, 515, 513, 4, 6, 519, 7, 9, 11, 13, 17, 19, 20, 22, 24, 26, 28, 29, 31, 32, 39, 42, 43, 46, 47, 49, 50, 51, 52, 53, 54, 55, 56, 57, 59, 60, 62, 63, 64, 66, 67, 68, 70, 71, 584, 582, 73, 585, 588, 589, 590, 591, 587, 593, 594, 595, 596, 597, 598, 602, 603, 604, 91, 94, 95, 96, 97, 608, 93, 612, 605, 617, 618, 634, 122, 124, 123, 126, 639, 128, 640, 642, 643, 641, 645, 647, 650, 651, 653, 654, 655, 657, 658, 147, 146, 148, 149, 150, 661, 145, 666, 667, 668, 669, 670, 671, 672, 673, 674, 677, 678, 679, 680, 682, 683, 684, 685, 686, 172, 688, 689, 690, 691, 687, 693, 694, 695, 697, 698, 699, 701, 702, 190, 703, 706, 707, 708, 198, 199, 200, 201, 202, 203, 204, 205, 206, 233, 235, 659, 253, 254, 255, 256, 257, 305, 309, 310, 311, 335, 337, 339, 354, 356, 357, 358, 173, 380, 381, 399, 400, 401, 402, 403, 404, 425, 426, 427, 428, 429, 430, 432, 435, 436, 437, 439, 441, 451, 453, 455, 476, 477, 479, 480, 481, 482, 483, 484, 485, 486, 487, 488, 489, 490, 491, 494, 495, 499, 501, 503, 508, 509, 510, 511}	426	284	710	97	0.451	187	0.439	147	0.518	334	0.47	334	0.47	61	184	0.143	0.432	132	51	0.465	0.18	193	235	0.272	0.331
161	P23687	4ax4	1-426	427-710	4ax4.cif	A	207.0	{512, 513, 2, 515, 4, 1, 6, 519, 7, 9, 11, 13, 17, 19, 20, 22, 24, 25, 26, 28, 29, 31, 32, 34, 35, 39, 42, 43, 44, 46, 47, 49, 50, 51, 52, 53, 54, 56, 57, 59, 60, 62, 63, 64, 66, 67, 68, 69, 70, 71, 584, 585, 73, 587, 72, 589, 590, 591, 75, 593, 594, 595, 588, 597, 598, 602, 91, 604, 603, 94, 95, 96, 97, 608, 93, 612, 605, 617, 618, 122, 634, 123, 124, 126, 639, 640, 128, 642, 643, 645, 647, 650, 651, 653, 654, 655, 657, 658, 147, 148, 661, 149, 146, 150, 667, 668, 669, 670, 671, 672, 673, 674, 676, 678, 679, 682, 683, 684, 685, 686, 687, 173, 689, 690, 691, 172, 693, 694, 695, 697, 698, 699, 701, 702, 703, 706, 707, 708, 202, 203, 204, 205, 206, 233, 235, 253, 254, 255, 256, 257, 309, 310, 311, 335, 337, 339, 354, 356, 357, 358, 582, 380, 381, 399, 400, 401, 402, 403, 404, 425, 426, 427, 428, 429, 430, 432, 435, 436, 437, 439, 441, 451, 453, 455, 476, 477, 479, 480, 481, 482, 483, 484, 485, 486, 487, 488, 489, 490, 491, 494, 495, 501, 503, 508, 509, 510, 511}	416	283	699	94	0.454	187	0.439	148	0.521	335	0.472	335	0.472	61	191	0.147	0.459	134	51	0.473	0.18	195	242	0.279	0.346
162	P23687	4bcb	1-426	427-710	4bcb.cif	A	213.0	{512, 1, 2, 515, 3, 4, 6, 7, 513, 9, 519, 11, 13, 17, 19, 20, 22, 24, 26, 28, 29, 31, 32, 39, 42, 43, 46, 47, 49, 50, 51, 52, 53, 54, 56, 57, 59, 60, 62, 63, 64, 66, 67, 68, 582, 70, 71, 585, 73, 584, 588, 589, 590, 591, 587, 593, 594, 595, 596, 597, 598, 602, 91, 603, 605, 94, 95, 96, 97, 608, 93, 612, 604, 617, 618, 122, 123, 124, 634, 126, 639, 128, 640, 642, 643, 641, 645, 647, 650, 651, 653, 654, 655, 145, 658, 147, 148, 146, 150, 657, 661, 659, 666, 667, 668, 669, 670, 671, 672, 673, 674, 677, 678, 679, 680, 682, 683, 684, 172, 686, 687, 173, 685, 690, 691, 689, 693, 694, 695, 688, 697, 698, 699, 701, 702, 703, 190, 706, 708, 198, 199, 200, 201, 202, 203, 204, 205, 206, 233, 235, 149, 253, 254, 255, 256, 257, 309, 310, 311, 335, 337, 339, 354, 356, 357, 358, 380, 381, 399, 400, 401, 402, 403, 404, 425, 426, 427, 428, 429, 430, 432, 435, 436, 437, 439, 441, 451, 453, 455, 476, 477, 479, 480, 481, 482, 483, 484, 485, 486, 487, 488, 489, 490, 491, 494, 495, 499, 501, 503, 508, 509, 510, 511}	426	284	710	97	0.455	187	0.439	147	0.518	334	0.47	334	0.47	61	181	0.143	0.425	134	51	0.472	0.18	195	232	0.275	0.327
163	P23687	4bcc	1-426	427-710	4bcc.cif	A	211.0	{512, 1, 2, 513, 4, 515, 6, 519, 7, 9, 11, 13, 17, 19, 20, 22, 24, 26, 28, 29, 31, 32, 39, 42, 43, 46, 47, 49, 50, 51, 52, 53, 54, 56, 57, 59, 60, 62, 63, 64, 66, 67, 68, 70, 71, 584, 585, 582, 73, 588, 589, 590, 591, 587, 593, 594, 595, 597, 598, 602, 91, 603, 605, 94, 95, 608, 97, 96, 604, 612, 93, 617, 618, 122, 634, 124, 123, 126, 639, 640, 641, 642, 643, 128, 645, 647, 650, 651, 653, 654, 655, 657, 658, 147, 148, 149, 145, 146, 661, 150, 666, 667, 668, 669, 670, 671, 672, 673, 674, 677, 678, 679, 680, 682, 683, 684, 173, 686, 685, 688, 689, 690, 691, 687, 693, 694, 695, 697, 698, 699, 701, 702, 703, 190, 706, 707, 708, 198, 199, 200, 201, 202, 203, 204, 205, 206, 233, 235, 253, 254, 255, 256, 257, 309, 310, 311, 335, 337, 339, 354, 172, 356, 357, 358, 380, 381, 399, 400, 401, 402, 403, 404, 425, 426, 427, 428, 429, 430, 432, 435, 436, 437, 439, 441, 451, 453, 455, 476, 477, 479, 480, 481, 482, 483, 484, 485, 486, 487, 488, 489, 490, 491, 494, 495, 499, 501, 503, 508, 509, 510, 511}	426	284	710	96	0.455	187	0.439	147	0.518	334	0.47	334	0.47	60	181	0.141	0.425	134	51	0.472	0.18	194	232	0.273	0.327
164	P23687	4bcd	1-426	427-710	4bcd.cif	A	214.0	{512, 513, 2, 515, 4, 1, 6, 7, 519, 9, 11, 13, 17, 19, 20, 22, 24, 26, 28, 29, 31, 32, 39, 42, 43, 46, 47, 49, 50, 51, 52, 53, 54, 56, 57, 59, 60, 62, 63, 64, 66, 67, 68, 70, 71, 584, 73, 582, 585, 588, 589, 590, 591, 587, 593, 594, 595, 597, 598, 602, 603, 604, 93, 94, 95, 96, 97, 608, 609, 612, 605, 617, 618, 634, 123, 124, 122, 126, 639, 640, 128, 642, 643, 641, 645, 647, 650, 651, 653, 654, 655, 657, 146, 147, 658, 661, 149, 150, 148, 145, 666, 667, 668, 669, 670, 671, 672, 673, 674, 677, 678, 679, 680, 682, 683, 684, 685, 686, 173, 688, 689, 690, 691, 172, 693, 694, 695, 687, 697, 698, 699, 701, 702, 190, 703, 706, 707, 708, 198, 199, 200, 201, 202, 203, 204, 205, 206, 233, 235, 659, 253, 254, 255, 256, 257, 309, 310, 311, 335, 337, 339, 354, 356, 357, 358, 359, 380, 381, 399, 400, 401, 402, 403, 404, 425, 426, 427, 428, 429, 430, 432, 435, 436, 437, 439, 441, 451, 453, 455, 91, 476, 477, 479, 480, 481, 482, 483, 484, 485, 486, 487, 488, 489, 490, 491, 494, 495, 499, 501, 503, 508, 509, 510, 511}	426	284	710	97	0.453	187	0.439	147	0.518	334	0.47	334	0.47	61	180	0.143	0.423	134	51	0.472	0.18	195	231	0.275	0.325
165	O69275	2j3v	1-226	227-427	2j3v.cif	A	75.0	{388, 230, 139, 140, 141, 142, 143, 144, 401, 402, 359, 404, 406, 407, 408, 409, 410, 411, 412, 418, 420, 293, 422, 294, 424, 296, 298, 295, 300, 56, 58, 59, 60, 61, 62, 63, 64, 65, 66, 67, 70, 71, 74, 330, 333, 334, 337, 218, 219, 220, 221, 222, 223, 351, 353, 354, 355, 356, 226, 228, 225, 227, 104, 229, 224, 108, 109, 366, 352, 368, 110, 107, 112, 364, 377}	222	201	427	30	0.4	96	0.425	90	0.448	186	0.436	187	0.434	93	53	0.419	0.239	79	67	0.393	0.333	172	120	0.403	0.281
166	O69275	2j3x	1-226	227-427	2j3x.cif	A	75.0	{388, 230, 139, 104, 141, 142, 359, 144, 401, 402, 143, 404, 140, 406, 407, 408, 409, 410, 411, 412, 418, 420, 293, 422, 294, 296, 424, 298, 295, 300, 56, 58, 59, 60, 61, 62, 63, 64, 65, 66, 67, 70, 71, 74, 330, 333, 334, 337, 218, 219, 220, 221, 222, 351, 352, 225, 353, 224, 356, 354, 226, 229, 228, 223, 227, 107, 355, 109, 366, 110, 112, 368, 364, 108, 377}	222	200	426	30	0.4	96	0.425	90	0.448	186	0.436	187	0.434	75	53	0.338	0.239	75	67	0.375	0.335	150	120	0.352	0.282
167	O69275	2j3z	1-226	227-427	2j3z.cif	A	73.0	{388, 135, 224, 139, 140, 141, 142, 143, 144, 401, 402, 104, 404, 406, 407, 408, 409, 410, 411, 412, 418, 420, 293, 422, 294, 296, 295, 298, 424, 300, 56, 58, 59, 61, 62, 63, 64, 65, 66, 67, 70, 71, 74, 333, 334, 337, 218, 219, 220, 221, 222, 351, 352, 225, 226, 355, 356, 229, 223, 354, 353, 228, 227, 230, 108, 364, 110, 366, 112, 368, 109, 107, 377}	223	201	428	29	0.397	96	0.425	90	0.448	186	0.436	187	0.434	76	53	0.341	0.238	75	67	0.373	0.333	151	120	0.353	0.28
168	Q7KLV9	3txm	1-223	224-392	3txm.cif	A	38.0	{257, 260, 318, 321, 322, 194, 325, 204, 205, 208, 209, 211, 212, 214, 215, 216, 218, 219, 220, 221, 222, 223, 224, 225, 227, 228, 231, 232, 234, 235, 238, 239, 242, 243, 246, 249, 250, 253}	186	167	353	18	0.474	106	0.475	79	0.467	185	0.472	186	0.472	170	0	0.914	0.0	128	11	0.766	0.066	298	11	0.844	0.031
169	Q7KLV9	3txn	1-223	224-392	3txn.cif	A	38.0	{257, 260, 318, 321, 322, 194, 325, 204, 205, 208, 209, 211, 212, 214, 215, 216, 218, 219, 220, 221, 222, 223, 224, 225, 227, 228, 231, 232, 234, 235, 238, 239, 242, 243, 246, 249, 250, 253}	186	167	353	18	0.474	106	0.475	79	0.467	185	0.472	186	0.472	170	0	0.914	0.0	129	11	0.772	0.066	299	11	0.847	0.031
170	H2E7Q8	5n4b	1-80,452-730	81-451	5n4b.cif	A	104.0	{512, 522, 524, 526, 531, 532, 533, 534, 535, 536, 76, 77, 78, 79, 80, 81, 82, 83, 101, 614, 103, 104, 105, 617, 618, 102, 621, 622, 619, 141, 142, 143, 144, 146, 660, 661, 662, 665, 162, 163, 164, 165, 166, 167, 168, 169, 694, 695, 696, 697, 698, 699, 700, 702, 703, 704, 201, 202, 229, 230, 232, 259, 280, 281, 282, 283, 329, 333, 334, 360, 377, 379, 380, 381, 403, 404, 421, 422, 423, 424, 425, 426, 450, 451, 452, 453, 455, 458, 459, 460, 462, 464, 474, 476, 478, 499, 500, 502, 503, 504, 505, 506, 507, 509}	350	371	721	55	0.529	190	0.529	164	0.442	354	0.485	354	0.468	151	63	0.431	0.18	27	170	0.073	0.458	178	233	0.247	0.323
171	H2E7Q8	5n4c	1-80,452-730	81-451	5n4c.cif	A	103.0	{512, 522, 524, 526, 531, 532, 533, 534, 535, 536, 76, 77, 78, 79, 80, 81, 82, 83, 101, 102, 614, 104, 103, 618, 619, 617, 621, 105, 142, 143, 144, 146, 660, 661, 662, 663, 162, 163, 164, 165, 166, 167, 168, 169, 694, 695, 696, 697, 698, 699, 700, 702, 703, 704, 200, 201, 202, 229, 230, 232, 259, 280, 281, 282, 283, 329, 333, 334, 360, 377, 379, 380, 381, 403, 404, 421, 422, 423, 424, 425, 426, 450, 451, 452, 453, 455, 458, 459, 460, 462, 464, 474, 476, 478, 499, 500, 502, 503, 504, 505, 506, 507, 509}	352	369	721	50	0.485	189	0.526	164	0.442	353	0.484	353	0.461	151	63	0.429	0.179	27	169	0.073	0.458	178	232	0.247	0.322
172	H2E7Q8	5n4d	1-80,452-730	81-451	5n4d.cif	A	94.0	{512, 522, 524, 526, 531, 532, 533, 534, 535, 536, 76, 77, 78, 79, 80, 81, 82, 83, 101, 102, 103, 104, 105, 618, 619, 621, 622, 141, 142, 143, 144, 146, 162, 163, 164, 165, 166, 167, 168, 169, 694, 695, 696, 697, 698, 699, 700, 702, 703, 704, 201, 202, 280, 281, 282, 283, 329, 333, 334, 360, 377, 379, 380, 381, 403, 404, 421, 422, 423, 424, 425, 426, 450, 451, 452, 453, 455, 458, 459, 460, 462, 464, 474, 476, 478, 499, 500, 502, 503, 504, 505, 506, 507, 509}	350	369	719	48	0.511	189	0.526	164	0.442	353	0.484	353	0.468	166	69	0.474	0.197	27	169	0.073	0.458	193	238	0.268	0.331
173	H2E7Q8	5n4e	1-80,452-730	81-451	5n4e.cif	A	100.0	{512, 522, 524, 526, 531, 532, 533, 534, 535, 536, 76, 77, 78, 79, 80, 81, 82, 83, 612, 613, 102, 614, 103, 105, 617, 619, 104, 621, 618, 142, 143, 144, 145, 146, 660, 662, 663, 162, 163, 164, 165, 166, 167, 694, 695, 696, 697, 699, 700, 702, 703, 704, 202, 230, 232, 259, 280, 281, 282, 283, 329, 333, 334, 360, 377, 379, 380, 381, 403, 404, 421, 422, 423, 424, 425, 426, 450, 451, 452, 453, 454, 455, 458, 459, 460, 462, 464, 474, 476, 478, 101, 499, 500, 502, 503, 504, 505, 506, 507, 509}	350	363	713	51	0.51	189	0.526	164	0.442	353	0.484	371	0.464	165	63	0.471	0.18	31	168	0.085	0.463	196	231	0.275	0.324
174	H2E7Q8	5n4f	1-80,452-730	81-451	5n4f.cif	A	47.0	{512, 522, 524, 526, 402, 403, 532, 533, 422, 423, 424, 425, 426, 448, 449, 450, 451, 452, 453, 455, 456, 458, 460, 77, 462, 78, 80, 81, 82, 79, 464, 474, 476, 478, 102, 377, 508, 381, 379, 502, 503, 504, 505, 506, 507, 380, 509}	341	362	703	26	0.553	188	0.524	164	0.442	352	0.482	352	0.482	161	61	0.472	0.179	27	165	0.075	0.456	188	226	0.267	0.321
175	P04958	4j1l	1-250	251-451	4j1l.cif	A	154.0	{42, 70, 72, 86, 89, 90, 93, 94, 96, 97, 98, 100, 101, 103, 104, 106, 107, 110, 113, 114, 115, 116, 117, 118, 120, 121, 123, 124, 125, 126, 127, 128, 129, 130, 131, 154, 167, 187, 188, 189, 190, 191, 200, 201, 202, 203, 204, 205, 206, 207, 208, 222, 223, 224, 225, 226, 227, 228, 229, 232, 233, 236, 237, 239, 240, 242, 243, 244, 245, 246, 247, 250, 268, 269, 270, 271, 273, 274, 275, 287, 291, 294, 295, 298, 299, 302, 305, 306, 308, 309, 310, 311, 312, 313, 314, 317, 319, 322, 323, 325, 326, 329, 330, 350, 351, 353, 354, 355, 358, 359, 360, 363, 364, 366, 367, 369, 370, 371, 372, 373, 375, 378, 379, 380, 381, 382, 383, 384, 385, 386, 387, 388, 389, 390, 391, 394, 395, 396, 397, 398, 399, 400, 410, 411, 413, 414, 415, 416, 417, 419, 422, 423, 426, 427}	229	159	388	63	0.409	120	0.48	65	0.323	185	0.41	185	0.434	63	55	0.275	0.24	90	13	0.566	0.082	153	68	0.394	0.175
176	P04958	5n0b	1-250	251-451	5n0b.cif	A	185.0	{42, 61, 62, 63, 64, 65, 66, 67, 68, 70, 71, 72, 73, 86, 89, 90, 93, 94, 96, 97, 98, 100, 101, 103, 104, 106, 107, 110, 113, 114, 115, 116, 117, 118, 119, 120, 123, 124, 125, 126, 127, 128, 129, 130, 131, 154, 167, 168, 187, 188, 189, 190, 191, 200, 201, 202, 203, 204, 205, 206, 207, 208, 210, 211, 218, 220, 221, 222, 223, 224, 225, 226, 227, 228, 229, 232, 233, 236, 237, 239, 240, 242, 243, 244, 245, 246, 247, 248, 249, 250, 251, 252, 256, 263, 264, 265, 266, 267, 268, 269, 270, 271, 274, 275, 283, 287, 290, 291, 294, 295, 298, 299, 302, 305, 306, 308, 309, 310, 311, 312, 313, 314, 317, 319, 322, 323, 325, 326, 329, 330, 350, 351, 353, 354, 355, 358, 359, 360, 363, 364, 366, 367, 369, 370, 371, 377, 378, 379, 380, 381, 382, 383, 384, 385, 386, 388, 389, 390, 391, 394, 395, 396, 397, 398, 399, 400, 410, 411, 413, 414, 415, 416, 417, 419, 422, 423, 426, 427, 429, 430, 431, 432, 433, 434, 435}	250	188	1278	75	0.405	117	0.468	81	0.403	198	0.439	582	0.436	64	58	0.256	0.232	90	19	0.479	0.101	445	286	0.348	0.224
177	P04958	5n0c	1-250	251-451	5n0c.cif	A	182.0	{61, 62, 63, 64, 65, 66, 67, 68, 69, 70, 71, 72, 73, 86, 89, 90, 93, 94, 96, 97, 98, 100, 101, 103, 104, 106, 107, 110, 113, 114, 115, 116, 117, 118, 119, 120, 123, 124, 125, 126, 127, 128, 129, 130, 131, 154, 167, 187, 188, 189, 190, 191, 200, 201, 202, 203, 204, 205, 206, 207, 208, 211, 212, 217, 218, 220, 221, 222, 223, 224, 225, 226, 227, 228, 229, 232, 233, 236, 237, 239, 240, 242, 243, 245, 246, 247, 249, 250, 251, 252, 256, 263, 264, 265, 266, 268, 269, 270, 271, 273, 274, 275, 283, 287, 290, 291, 294, 295, 298, 299, 302, 305, 306, 308, 309, 310, 311, 312, 313, 314, 317, 319, 322, 323, 325, 326, 329, 330, 350, 351, 354, 355, 358, 359, 360, 363, 364, 366, 367, 369, 370, 371, 373, 378, 379, 380, 381, 382, 383, 384, 385, 386, 388, 389, 390, 391, 394, 395, 396, 397, 398, 399, 400, 410, 411, 413, 414, 415, 416, 417, 419, 422, 423, 426, 427, 429, 430, 431, 432, 433, 434, 435}	250	193	1291	71	0.39	117	0.468	81	0.403	198	0.439	582	0.436	64	64	0.256	0.256	89	21	0.461	0.109	445	297	0.345	0.23
178	P04958	7by5	1-250	251-451	7by5.cif	A	185.0	{42, 61, 62, 63, 64, 65, 66, 67, 68, 69, 70, 71, 72, 73, 86, 89, 90, 93, 94, 96, 97, 98, 100, 101, 103, 104, 106, 107, 110, 113, 114, 115, 116, 117, 118, 120, 121, 123, 124, 125, 126, 127, 128, 129, 130, 131, 154, 167, 187, 188, 189, 190, 191, 200, 201, 202, 203, 204, 205, 206, 207, 208, 210, 211, 214, 216, 217, 220, 221, 222, 223, 224, 225, 226, 227, 228, 229, 232, 236, 239, 240, 242, 243, 244, 245, 246, 247, 249, 250, 251, 252, 263, 264, 265, 267, 268, 269, 270, 273, 274, 283, 287, 290, 291, 294, 295, 298, 299, 302, 305, 306, 308, 309, 310, 311, 312, 313, 314, 317, 319, 322, 323, 325, 326, 329, 330, 350, 351, 353, 354, 355, 358, 359, 360, 363, 364, 366, 367, 368, 369, 370, 371, 372, 373, 374, 377, 378, 379, 380, 381, 382, 383, 384, 385, 388, 389, 390, 391, 394, 395, 396, 397, 398, 399, 400, 409, 410, 411, 413, 414, 415, 416, 417, 419, 422, 423, 426, 427, 429, 430, 431, 432, 433, 434, 435}	247	190	1281	83	0.449	120	0.48	80	0.398	200	0.443	576	0.436	66	62	0.267	0.251	89	18	0.468	0.095	444	294	0.347	0.23
179	P04958	7oh1	1-250	251-451	7oh1.cif	A	181.0	{42, 61, 62, 63, 64, 65, 66, 67, 68, 69, 70, 71, 72, 73, 86, 89, 90, 93, 94, 96, 97, 98, 100, 101, 103, 104, 106, 107, 110, 113, 114, 115, 116, 117, 118, 120, 123, 124, 125, 126, 127, 128, 129, 130, 131, 154, 167, 187, 188, 189, 190, 191, 200, 201, 202, 203, 204, 205, 206, 207, 208, 210, 211, 218, 220, 221, 222, 223, 224, 225, 226, 227, 228, 229, 232, 233, 236, 237, 239, 240, 242, 243, 244, 245, 246, 247, 248, 249, 250, 251, 252, 256, 263, 264, 265, 269, 270, 271, 274, 275, 283, 287, 290, 291, 294, 295, 298, 299, 302, 305, 306, 308, 309, 310, 311, 312, 313, 314, 317, 322, 323, 325, 326, 329, 330, 350, 351, 354, 355, 358, 359, 360, 363, 364, 366, 367, 369, 370, 371, 372, 377, 378, 379, 380, 381, 382, 383, 384, 385, 386, 387, 388, 389, 390, 391, 394, 395, 396, 397, 398, 399, 400, 410, 411, 413, 414, 415, 416, 417, 419, 422, 423, 426, 427, 429, 430, 431, 432, 433, 434, 435}	250	190	845	77	0.425	121	0.484	78	0.388	199	0.441	375	0.286	63	59	0.252	0.236	78	18	0.411	0.095	358	96	0.424	0.114
180	P04807	1ig8	75-209	210-458	1ig8.cif	A	30.0	{156, 157, 158, 295, 173, 457, 458, 76, 77, 78, 208, 209, 210, 211, 213, 214, 218, 220, 93, 221, 222, 223, 224, 99, 100, 101, 102, 103, 104, 105}	135	249	469	11	0.367	70	0.519	113	0.454	183	0.477	245	0.504	37	45	0.274	0.333	146	31	0.586	0.124	237	78	0.505	0.166
181	O60729	1ohc	44-198	214-374	1ohc.cif	A	53.0	{134, 220, 165, 166, 167, 168, 169, 173, 174, 175, 177, 181, 182, 184, 185, 186, 188, 189, 318, 94, 192, 193, 194, 195, 329, 91, 333, 334, 335, 338, 339, 82, 341, 85, 343, 342, 345, 346, 219, 92, 93, 347, 350, 352, 349, 354, 355, 221, 357, 353, 97, 358, 361}	155	161	339	16	0.302	74	0.477	65	0.404	139	0.44	158	0.454	66	19	0.426	0.123	84	26	0.522	0.161	167	45	0.493	0.133
182	O60729	1ohd	44-198	214-374	1ohd.cif	A	53.0	{134, 82, 220, 165, 166, 167, 168, 169, 173, 174, 175, 177, 181, 182, 184, 185, 186, 221, 188, 189, 318, 192, 193, 194, 195, 329, 333, 334, 335, 338, 339, 347, 85, 342, 343, 341, 345, 346, 219, 91, 93, 349, 94, 352, 353, 354, 97, 92, 357, 358, 355, 350, 361}	155	161	338	16	0.302	74	0.477	65	0.404	139	0.44	158	0.454	62	19	0.4	0.123	83	24	0.516	0.149	163	43	0.482	0.127
183	O60729	1ohe	44-198	214-374	1ohe.cif	A	55.0	{134, 219, 220, 165, 166, 167, 168, 169, 173, 174, 175, 177, 341, 181, 182, 184, 185, 186, 221, 188, 189, 318, 192, 193, 194, 195, 329, 333, 334, 335, 92, 337, 82, 339, 338, 85, 342, 343, 88, 345, 346, 91, 347, 349, 350, 93, 352, 353, 97, 354, 94, 357, 358, 355, 361}	155	160	338	16	0.291	74	0.477	65	0.404	139	0.44	158	0.449	71	20	0.458	0.129	83	24	0.519	0.15	172	44	0.509	0.13
